sku_id,ASIS_1센터_kg,ASIS_2센터_kg,ASIS_3센터_kg,ASIS_4센터_kg,ASIS_5센터_kg,TO_BE_1센터_kg,TO_BE_2센터_kg,TO_BE_3센터_kg,TO_BE_4센터_kg,TO_BE_5센터_kg,TO_BE_총재고_kg,storage_type
100070,680.0,0.0,0.0,0.0,0.0,663.3,1.3,0.0,6.7,8.7,680.0,실온
100077,860.0,0.0,0.0,0.0,0.0,826.0,10.0,0.0,22.3,1.7,860.0,실온
100098,0.0,820.0,0.0,0.0,0.0,45.7,746.3,0.0,22.0,6.0,820.0,실온
100100,900.0,0.0,0.0,0.0,0.0,874.3,1.0,0.0,10.0,14.7,900.0,실온
100108,2020.0,1660.0,0.0,0.0,1000.0,2020.0,1605.7,0.0,54.3,1000.0,4680.0,실온
100572,0.0,1277.1,0.0,0.0,0.0,32.0,1207.9,0.0,26.1,11.0,1277.0,실온
100729,0.0,885.0,0.0,0.0,0.0,16.4,849.8,0.0,10.9,8.0,885.1,실온
100732,1822.5,0.0,0.0,0.0,0.0,1794.0,4.0,0.0,16.6,7.9,1822.5,실온
100921,0.0,6900.0,0.0,0.0,0.0,36.0,6819.0,0.0,32.3,12.8,6900.1,실온
100965,2180.0,3760.0,0.0,0.0,4690.0,2180.0,3760.0,0.0,344.7,4345.3,10630.0,실온
101349,0.0,1200.6,0.0,0.0,0.0,22.8,1152.7,0.0,18.9,6.1,1200.5,실온
103556,55.2,93.8,0.0,115.9,0.0,55.2,93.8,0.0,96.8,19.1,264.9,실온
103655,819.0,0.0,0.0,0.0,0.0,789.9,6.6,0.0,12.4,10.1,819.0,실온
104226,0.0,4075.8,0.0,0.0,0.0,33.6,3993.8,0.0,34.1,14.3,4075.8,실온
105314,2922.0,1389.0,0.0,0.0,0.0,2922.0,1216.2,0.0,85.1,87.7,4311.0,실온
105474,469.8,0.0,0.0,0.0,0.0,436.3,14.3,0.0,11.5,7.8,469.9,냉장
105599,1973.2,0.0,0.0,0.0,0.0,1736.1,56.3,0.0,135.5,45.2,1973.1,냉장
105682,863.5,0.0,0.0,0.0,0.0,775.4,50.4,0.0,30.9,6.8,863.5,실온
106239,1560.0,0.0,0.0,0.0,0.0,1534.8,4.0,0.0,11.2,10.0,1560.0,실온
106394,580.6,0.0,0.0,0.0,0.0,564.0,5.8,0.0,8.0,2.9,580.7,실온
106520,510.0,0.0,0.0,0.0,0.0,480.2,5.5,0.0,19.2,5.2,510.1,실온
106675,566.0,0.0,0.0,0.0,0.0,554.7,3.8,0.0,4.5,3.0,566.0,실온
106678,732.0,0.0,0.0,0.0,0.0,711.3,8.1,0.0,6.5,6.2,732.1,실온
106807,0.0,576.0,0.0,0.0,0.0,27.9,505.8,0.0,26.1,16.2,576.0,실온
106811,0.0,0.0,0.0,0.0,190.8,9.5,3.7,0.0,7.0,170.7,190.9,실온
106819,0.0,730.8,0.0,0.0,0.0,11.4,703.8,0.0,10.7,4.9,730.8,실온
106907,1782.0,0.0,0.0,0.0,0.0,1707.0,19.8,0.0,43.2,12.0,1782.0,실온
106909,984.6,1225.8,0.0,0.0,0.0,936.1,1225.8,0.0,33.8,14.8,2210.5,실온
106912,0.0,354.6,0.0,0.0,0.0,20.4,300.7,0.0,23.4,10.0,354.5,실온
106931,1854.0,1782.0,0.0,1854.0,0.0,1819.5,1782.0,0.0,1854.0,34.5,5490.0,실온
106977,0.0,837.0,0.0,0.0,0.0,20.8,791.8,0.0,18.6,5.7,836.9,실온
107027,11394.0,0.0,0.0,0.0,0.0,10279.8,776.2,123.3,122.8,91.8,11393.9,냉동
107242,0.0,354.0,0.0,0.0,0.0,12.2,330.6,0.0,9.0,2.2,354.0,실온
107247,600.0,0.0,0.0,0.0,0.0,581.4,6.0,0.0,9.8,3.0,600.2,실온
107255,564.9,0.0,0.0,0.0,0.0,540.3,8.0,0.0,11.9,4.7,564.9,실온
107814,637.0,0.0,0.0,0.0,0.0,611.3,6.6,0.0,12.8,6.3,637.0,실온
107835,571.0,0.0,0.0,0.0,0.0,551.1,6.9,0.0,8.9,4.1,571.0,실온
107997,728.0,0.0,0.0,0.0,0.0,704.4,8.0,0.0,9.9,5.8,728.1,실온
108208,881.9,4017.3,0.0,0.0,0.0,881.9,3985.4,0.0,26.4,5.6,4899.3,실온
108210,1181.9,5609.6,0.0,0.0,0.0,1181.9,5589.8,0.0,14.2,5.6,6791.5,실온
108215,266.6,1385.4,0.0,0.0,0.0,266.6,1359.2,0.0,21.4,4.8,1652.0,실온
108217,1448.3,9960.7,0.0,0.0,0.0,1448.3,9912.9,0.0,34.1,13.7,11409.0,실온
108361,0.0,990.0,0.0,0.0,0.0,28.1,937.9,0.0,19.4,4.6,990.0,실온
108420,0.0,2391.4,0.0,0.0,0.0,196.0,1959.8,0.0,161.9,73.7,2391.4,실온
108424,0.0,7224.8,0.0,0.0,0.0,108.8,7046.9,0.0,52.3,16.9,7224.9,실온
109379,0.0,505.7,0.0,0.0,0.0,13.2,481.1,0.0,9.0,2.4,505.7,실온
109735,670.0,0.0,0.0,0.0,0.0,654.1,5.9,0.0,7.2,2.7,669.9,실온
111912,2996.0,7994.0,0.0,0.0,0.0,2996.0,7969.7,0.0,16.6,7.7,10990.0,실온
111913,94.0,2151.0,0.0,0.0,0.0,94.0,2112.2,0.0,27.2,11.6,2245.0,실온
111919,0.0,2427.0,0.0,0.0,0.0,39.9,2322.8,0.0,49.2,15.1,2427.0,실온
111949,0.0,2738.0,0.0,0.0,2554.0,35.1,2555.2,0.0,147.8,2554.0,5292.1,실온
112165,0.0,0.0,0.0,0.0,1709.5,10.1,5.6,0.0,8.8,1685.1,1709.6,실온
112323,996.0,0.0,0.0,0.0,0.0,931.9,19.9,0.0,29.4,14.8,996.0,냉장
112748,0.0,1405.0,0.0,0.0,0.0,20.2,1370.0,0.0,9.3,5.5,1405.0,실온
112751,0.0,3336.0,0.0,0.0,0.0,161.6,3077.0,0.0,15.4,82.0,3336.0,실온
114328,969.7,0.0,0.0,0.0,1307.3,740.4,103.0,19.9,106.4,1307.3,2277.0,냉동
114430,0.0,0.0,0.0,0.0,1398.0,38.6,26.6,0.0,39.9,1292.9,1398.0,실온
114478,0.0,0.0,0.0,0.0,2041.6,72.1,53.3,0.0,72.2,1844.0,2041.6,실온
114583,0.0,0.0,0.0,0.0,3204.0,158.6,19.2,0.0,16.0,3010.2,3204.0,실온
114835,0.0,802.0,0.0,0.0,0.0,9.6,775.1,0.0,12.0,5.4,802.1,실온
114901,0.0,0.0,0.0,1834.2,0.0,18.7,10.4,6.1,1792.2,6.8,1834.2,냉동
115722,1431.0,0.0,810.0,0.0,1058.0,1431.0,41.1,703.4,65.5,1058.0,3299.0,냉동
116140,0.0,0.0,5929.5,0.0,0.0,532.5,145.7,5123.7,96.1,31.5,5929.5,냉동
116709,1160.0,0.0,0.0,0.0,0.0,1082.5,11.5,0.0,49.4,16.6,1160.0,실온
116945,1362.9,6932.5,0.0,0.0,0.0,1168.7,6932.5,0.0,126.6,67.5,8295.3,실온
116981,2445.0,0.0,0.0,0.0,1380.0,2445.0,48.2,44.2,65.4,1222.1,3824.9,냉동
117642,0.0,0.0,1391.0,0.0,6747.0,163.9,86.0,1391.0,159.8,6337.3,8138.0,냉동
117834,579.5,0.0,0.0,0.0,0.0,544.4,8.8,0.0,18.2,8.2,579.6,실온
117971,1789.2,0.0,0.0,0.0,0.0,1738.7,11.5,0.0,26.9,12.1,1789.2,실온
118803,1260.0,0.0,0.0,0.0,0.0,1255.3,0.0,0.0,1.0,3.7,1260.0,실온
120459,0.0,0.0,0.0,0.0,1697.8,62.1,75.4,0.0,151.3,1408.9,1697.7,실온
122662,1030.0,0.0,0.0,0.0,2146.0,1030.0,47.2,0.0,46.6,2052.2,3176.0,실온
122751,288.0,0.0,0.0,0.0,490.0,277.9,3.3,3.1,3.7,490.0,778.0,냉동
122935,982.4,1480.9,0.0,0.0,0.0,982.4,1334.7,0.0,120.0,26.2,2463.3,실온
122939,0.0,0.0,0.0,0.0,892.0,18.5,10.6,0.0,17.9,845.0,892.0,냉장
123017,554.0,0.0,0.0,0.0,1094.0,554.0,51.4,0.0,26.3,1016.3,1648.0,냉장
123057,540.0,0.0,0.0,0.0,0.0,516.4,11.0,0.0,7.1,5.5,540.0,냉장
123125,1000.0,0.0,0.0,0.0,0.0,957.2,21.9,0.0,10.3,10.7,1000.1,냉장
123452,0.0,0.0,0.0,0.0,1092.0,23.8,24.2,0.0,18.3,1025.6,1091.9,냉장
123913,1110.0,0.0,0.0,0.0,2536.0,1110.0,113.7,0.0,78.9,2343.4,3646.0,냉장
124145,0.0,0.0,0.0,0.0,1260.0,19.5,12.0,0.0,25.8,1202.7,1260.0,실온
124171,3240.2,0.0,0.0,0.0,0.0,1828.4,490.2,79.7,508.6,333.2,3240.1,냉동
124182,757.4,0.0,0.0,0.0,0.0,271.1,187.3,137.0,107.6,54.4,757.4,냉동
124282,0.0,0.0,0.0,0.0,1409.8,29.2,5.9,13.6,8.5,1352.6,1409.8,냉동
126253,2881.8,0.0,0.0,0.0,0.0,1811.0,129.0,107.8,748.6,85.4,2881.8,냉동
126307,1528.0,0.0,0.0,0.0,0.0,1462.8,16.4,15.5,21.6,11.7,1528.0,냉동
126735,0.0,460.0,0.0,0.0,0.0,14.3,426.4,0.0,13.0,6.3,460.0,실온
126793,0.0,0.0,0.0,755.2,0.0,27.0,2.9,3.3,716.2,5.8,755.2,냉동
126988,184.0,0.0,0.0,3274.0,0.0,200.6,139.9,110.1,2928.6,78.7,3457.9,냉동
127235,1545.6,0.0,0.0,0.0,0.0,1496.7,16.3,0.0,15.8,16.7,1545.5,실온
127692,0.0,0.0,0.0,544.8,0.0,20.4,10.4,0.0,510.1,3.9,544.8,실온
128357,1088.0,0.0,0.0,0.0,0.0,1076.6,2.0,0.0,4.2,5.1,1087.9,실온
128459,0.0,0.0,0.0,0.0,600.0,14.2,10.1,0.0,21.7,554.0,600.0,실온
128498,0.0,0.0,0.0,0.0,900.0,56.8,23.2,0.0,42.5,777.5,900.0,실온
129654,0.0,0.0,0.0,0.0,1038.6,31.0,14.6,0.0,16.3,976.7,1038.6,냉장
130387,0.0,0.0,0.0,0.0,818.0,29.4,20.4,0.0,38.6,729.6,818.0,실온
130805,0.0,0.0,0.0,3272.0,0.0,133.7,40.7,0.0,3064.5,33.2,3272.1,냉장
130817,0.0,0.0,0.0,366.0,0.0,23.4,4.1,0.0,334.0,4.6,366.1,냉장
131132,1706.0,0.0,0.0,0.0,1686.0,1639.5,43.7,0.0,22.8,1686.0,3392.0,냉장
133099,329.0,0.0,0.0,0.0,0.0,273.7,38.5,4.1,8.0,4.7,329.0,냉동
133376,0.0,808.8,0.0,0.0,0.0,27.8,769.2,0.0,5.2,6.6,808.8,실온
133413,0.0,1060.8,0.0,0.0,0.0,50.3,941.4,0.0,44.2,24.9,1060.8,실온
133616,348.0,0.0,0.0,0.0,0.0,333.3,5.3,0.0,6.8,2.6,348.0,냉장
133938,398.8,1819.1,0.0,0.0,0.0,398.8,1812.1,0.0,4.4,2.7,2218.0,실온
134356,724.2,0.0,0.0,0.0,0.0,686.3,7.0,17.0,10.9,3.1,724.3,냉동
135090,490.0,0.0,0.0,0.0,0.0,472.8,4.9,0.0,8.4,3.9,490.0,실온
135511,519.0,0.0,0.0,0.0,0.0,498.2,6.5,0.0,10.1,4.2,519.0,실온
135659,355.0,2465.0,0.0,0.0,0.0,321.9,2465.0,0.0,23.2,10.0,2820.1,실온
135871,4060.5,1469.0,0.0,0.0,1370.0,4060.5,1469.0,0.0,57.8,1312.2,6899.5,실온
136970,1490.0,0.0,0.0,0.0,0.0,1452.0,12.3,0.0,15.3,10.3,1489.9,실온
136971,360.0,0.0,0.0,0.0,0.0,355.3,3.5,0.0,0.8,0.3,359.9,실온
137029,0.0,0.0,0.0,854.3,0.0,10.7,6.6,4.1,830.9,1.9,854.2,냉동
137062,1040.0,0.0,0.0,0.0,0.0,1007.0,10.7,0.0,11.2,11.2,1040.1,실온
137063,2540.0,0.0,0.0,0.0,0.0,2505.8,16.0,0.0,10.3,7.8,2539.9,실온
137197,0.0,1204.9,0.0,0.0,0.0,22.3,1178.2,0.0,1.4,3.0,1204.9,실온
137714,1402.5,0.0,0.0,0.0,0.0,1370.8,14.8,0.0,11.2,5.7,1402.5,실온
137736,372.6,0.0,777.6,0.0,1354.0,372.6,29.6,777.6,35.3,1289.1,2504.2,냉동
138070,555.0,0.0,0.0,1435.0,0.0,440.2,61.3,0.0,1435.0,53.5,1990.0,냉장
138260,1635.0,2825.0,0.0,0.0,1155.0,1635.0,2796.7,0.0,28.3,1155.0,5615.0,실온
138271,1066.2,0.0,1942.5,0.0,1065.0,878.3,61.1,1942.5,126.9,1065.0,4073.8,냉동
138272,3693.8,0.0,2788.8,0.0,1638.8,3693.8,79.9,2788.8,71.0,1487.8,8121.3,냉동
138323,630.0,1809.0,0.0,0.0,1728.0,630.0,1809.0,0.0,65.0,1663.0,4167.0,실온
138365,971.2,0.0,2263.8,0.0,2927.5,971.2,64.5,2263.8,64.5,2798.5,6162.5,냉동
138382,2042.0,0.0,0.0,0.0,0.0,1963.7,20.2,0.0,40.8,17.3,2042.0,실온
138390,0.0,571.5,0.0,0.0,0.0,13.4,551.1,0.0,4.6,2.5,571.6,실온
138391,0.0,0.0,0.0,0.0,588.0,20.3,16.1,0.0,25.9,525.7,588.0,실온
138392,748.0,578.0,0.0,0.0,595.0,748.0,538.6,0.0,39.4,595.0,1921.0,실온
139121,1567.0,0.0,0.0,0.0,0.0,1456.0,50.5,0.0,41.3,19.2,1567.0,실온
140076,556.0,0.0,0.0,0.0,0.0,548.4,1.8,0.0,2.8,3.0,556.0,실온
140093,0.0,511.0,0.0,0.0,0.0,13.8,473.7,0.0,16.9,6.7,511.1,실온
140094,0.0,688.0,0.0,0.0,0.0,10.8,663.6,0.0,8.9,4.7,688.0,실온
140173,0.0,9030.0,0.0,0.0,4770.0,331.7,8445.3,0.0,253.0,4770.0,13800.0,실온
140182,5100.0,3160.0,0.0,0.0,2020.0,4991.0,3160.0,0.0,109.0,2020.0,10280.0,실온
140701,0.0,0.0,0.0,2574.0,0.0,34.3,14.9,12.4,2496.5,15.9,2574.0,냉동
141164,1521.0,0.0,0.0,0.0,0.0,1470.0,16.8,0.0,20.6,13.6,1521.0,실온
141206,0.0,2027.7,0.0,0.0,1563.3,86.9,1885.3,0.0,55.5,1563.3,3591.0,실온
141752,999.0,0.0,0.0,0.0,0.0,952.2,12.8,0.0,21.5,12.4,998.9,실온
142980,572.0,2655.8,0.0,0.0,0.0,572.0,2602.1,0.0,37.6,16.1,3227.8,실온
143362,1653.5,0.0,0.0,0.0,1426.2,1653.5,92.3,0.0,115.9,1218.0,3079.7,냉장
143383,0.0,564.0,0.0,0.0,1944.0,105.6,564.0,0.0,125.6,1712.8,2508.0,실온
143517,1108.8,1792.4,0.0,0.0,0.0,1108.8,1739.3,0.0,23.1,29.9,2901.1,실온
143622,0.0,2580.0,0.0,0.0,1040.0,43.0,2476.7,0.0,60.3,1040.0,3620.0,실온
143791,401.0,793.6,0.0,0.0,0.0,401.0,771.6,0.0,15.6,6.5,1194.7,실온
145240,792.0,0.0,0.0,0.0,0.0,751.8,20.4,0.0,12.1,7.7,792.0,실온
145368,1483.0,0.0,0.0,0.0,997.0,1330.9,23.1,43.6,85.4,997.0,2480.0,냉동
145782,0.0,1304.3,0.0,0.0,227.8,46.5,1222.1,0.0,35.7,227.8,1532.1,실온
146337,1144.9,0.0,0.0,0.0,2339.5,1144.9,38.6,0.0,47.1,2253.7,3484.3,실온
154639,560.0,0.0,0.0,2041.6,0.0,513.0,26.3,0.0,2041.6,20.7,2601.6,실온
158135,1150.0,0.0,0.0,0.0,0.0,1139.7,0.2,0.0,0.0,10.2,1150.1,실온
158924,3608.1,0.0,0.0,0.0,0.0,3270.5,86.1,91.8,108.9,50.8,3608.1,냉동
159004,512.4,0.0,0.0,0.0,135.8,456.5,19.7,8.2,28.0,135.8,648.2,냉동
160016,1402.5,541.2,0.0,0.0,2019.6,1402.5,464.1,0.0,77.1,2019.6,3963.3,실온
160296,712.0,0.0,0.0,0.0,0.0,670.3,11.8,10.9,8.5,10.5,712.0,냉동
161034,245.4,0.0,0.0,0.0,0.0,239.9,2.6,0.0,0.8,2.1,245.4,냉장
161053,954.0,0.0,0.0,0.0,0.0,940.6,5.3,0.0,5.0,3.2,954.1,실온
162985,3759.0,4221.0,0.0,0.0,2814.0,3660.6,4221.0,0.0,98.4,2814.0,10794.0,실온
164291,0.0,0.0,0.0,0.0,1293.5,36.8,14.4,0.0,40.4,1201.9,1293.5,실온
164446,1207.8,0.0,0.0,0.0,567.4,1207.8,49.1,0.0,31.0,487.3,1775.2,냉장
164580,417.0,0.0,0.0,0.0,0.0,381.4,14.9,0.0,14.2,6.5,417.0,실온
165267,376.6,603.3,0.0,0.0,1259.5,376.6,574.8,0.0,28.5,1259.5,2239.4,실온
165272,0.0,0.0,0.0,0.0,470.0,19.6,12.4,12.7,20.4,405.0,470.1,냉동
165840,884.1,0.0,0.0,0.0,1858.5,808.2,41.8,0.0,34.0,1858.5,2742.5,냉장
166556,460.0,0.0,612.0,0.0,597.0,420.9,15.0,612.0,24.1,597.0,1669.0,냉동
166635,483.0,0.0,0.0,0.0,608.0,435.3,15.6,13.9,18.1,608.0,1090.9,냉동
166811,0.0,0.0,0.0,0.0,1323.0,36.0,21.1,8.4,47.6,1209.8,1322.9,냉동
168657,1760.0,0.0,0.0,2280.0,0.0,1760.0,45.0,0.0,2220.7,14.3,4040.0,실온
169083,0.0,0.0,0.0,1467.0,0.0,25.9,27.8,17.3,1373.5,22.5,1467.0,냉동
172084,1355.8,111.4,0.0,0.0,1669.2,1355.8,111.4,0.0,57.4,1611.8,3136.4,실온
172237,212.0,0.0,0.0,0.0,1044.0,212.0,32.8,26.3,33.9,951.0,1256.0,냉동
172567,944.0,0.0,0.0,0.0,0.0,699.5,39.5,104.3,79.7,20.9,943.9,냉동
173008,0.0,0.0,0.0,0.0,1367.5,42.3,42.9,0.0,58.8,1223.5,1367.5,실온
173009,0.0,0.0,0.0,0.0,3303.2,45.3,42.5,0.0,86.1,3129.3,3303.2,실온
173010,0.0,0.0,0.0,0.0,2175.6,49.4,58.0,0.0,56.8,2011.3,2175.5,실온
173174,0.0,0.0,0.0,888.0,0.0,27.1,21.8,15.2,811.9,12.0,888.0,냉동
173175,0.0,0.0,0.0,2489.0,0.0,72.3,29.6,18.9,2334.0,34.1,2488.9,냉동
173246,0.0,0.0,0.0,0.0,1167.6,13.0,9.5,4.3,12.8,1128.0,1167.6,냉동
173967,0.0,0.0,0.0,1105.0,0.0,19.9,21.1,2.8,1051.4,9.8,1105.0,냉동
174853,0.0,1000.0,0.0,0.0,0.0,128.0,684.7,0.0,130.0,57.3,1000.0,실온
175443,0.0,0.0,0.0,0.0,928.0,91.8,39.2,0.0,26.7,770.3,928.0,실온
177405,1483.2,0.0,0.0,0.0,0.0,1383.2,14.7,23.4,46.7,15.3,1483.3,냉동
194802,915.0,0.0,0.0,0.0,1492.5,915.0,54.7,43.7,49.8,1344.3,2407.5,냉동
196768,5826.6,2442.9,0.0,0.0,2030.2,5826.6,2093.8,0.0,349.1,2030.2,10299.7,실온
196904,348.0,0.0,0.0,0.0,0.0,331.4,5.4,0.0,6.9,4.3,348.0,냉장
197095,1667.0,5350.0,0.0,0.0,0.0,1014.0,4903.0,0.0,770.5,329.5,7017.0,실온
197797,0.0,0.0,0.0,2134.0,0.0,32.5,10.8,8.3,2076.4,6.0,2134.0,냉동
198581,0.0,0.0,0.0,0.0,861.0,17.4,10.1,4.2,10.0,819.2,860.9,냉동
198880,220.0,0.0,0.0,0.0,0.0,200.7,4.7,0.0,10.0,4.7,220.1,실온
200034,4180.0,3500.0,0.0,3980.0,0.0,4180.0,3500.0,0.0,3767.7,212.3,11660.0,실온
203202,4400.0,7200.0,0.0,5820.0,0.0,3782.0,7200.0,0.0,5820.0,618.0,17420.0,실온
203216,106.0,726.0,0.0,0.0,3107.0,165.1,519.9,0.0,147.1,3107.0,3939.1,실온
203217,0.0,0.0,0.0,0.0,3725.0,132.3,92.3,0.0,149.4,3350.9,3724.9,실온
203218,0.0,0.0,0.0,0.0,1756.0,91.8,46.3,0.0,81.7,1536.1,1755.9,실온
204590,0.0,0.0,0.0,315.3,0.0,29.8,8.9,12.4,255.3,8.9,315.3,냉동
211959,2640.0,6780.0,0.0,4340.0,0.0,2384.3,6780.0,0.0,4340.0,255.7,13760.0,실온
219674,2020.0,1380.0,0.0,2260.0,0.0,2020.0,1380.0,0.0,2184.7,75.3,5660.0,실온
221145,1220.0,4580.0,0.0,2400.0,0.0,1220.0,4374.0,0.0,2400.0,206.0,8200.0,실온
223855,1340.0,0.0,0.0,1860.0,0.0,1195.7,107.7,0.0,1860.0,36.7,3200.1,실온
225862,2831.5,0.0,0.0,0.0,0.0,2681.7,40.9,39.4,44.5,25.0,2831.5,냉동
225864,1002.5,0.0,0.0,0.0,0.0,932.8,21.0,10.7,26.5,11.4,1002.4,냉동
225868,779.0,0.0,0.0,0.0,0.0,712.2,10.5,6.8,40.6,8.9,779.0,냉동
228381,3000.0,0.0,0.0,0.0,0.0,1787.6,406.0,0.0,553.0,253.4,3000.0,냉장
228429,0.0,1360.0,0.0,0.0,0.0,60.0,1254.0,0.0,39.0,7.0,1360.0,실온
229287,511.2,0.0,0.0,0.0,910.7,461.2,24.7,0.0,25.3,910.7,1421.9,냉장
229740,0.0,375.6,0.0,0.0,559.4,22.8,332.1,0.0,20.7,559.4,935.0,실온
229741,0.0,3055.8,0.0,0.0,0.0,14.6,3022.7,0.0,12.8,5.6,3055.7,실온
230553,1420.0,0.0,0.0,0.0,0.0,1366.0,19.3,0.0,22.0,12.7,1420.0,실온
234311,4610.0,0.0,0.0,0.0,0.0,4290.8,0.0,0.0,307.5,11.7,4610.0,냉장
234313,3300.0,0.0,0.0,0.0,0.0,2950.0,0.0,0.0,314.2,35.8,3300.0,냉장
234452,505.2,0.0,0.0,0.0,0.0,491.8,3.4,1.0,6.6,2.4,505.2,냉동
234499,6768.0,0.0,0.0,0.0,0.0,6603.3,35.8,0.0,78.4,50.4,6767.9,실온
234560,461.6,0.0,0.0,0.0,0.0,416.2,7.8,9.4,10.2,18.0,461.6,냉동
235555,2166.0,0.0,2025.0,2115.0,0.0,2104.2,35.2,2025.0,2115.0,26.6,6306.0,냉동
236220,3722.2,0.0,0.0,2819.4,0.0,3722.2,23.4,0.0,2778.3,17.6,6541.5,실온
237766,0.0,3483.0,0.0,0.0,0.0,52.5,3365.0,0.0,53.4,12.1,3483.0,실온
239195,0.0,0.0,0.0,0.0,3017.6,84.0,72.9,0.0,64.0,2796.7,3017.6,실온
239196,0.0,0.0,0.0,0.0,4179.0,123.6,101.4,0.0,116.8,3837.2,4179.0,실온
240239,0.0,0.0,0.0,878.0,0.0,38.6,19.9,37.5,775.2,6.8,878.0,냉동
241524,1551.7,0.0,0.0,0.0,1041.2,1482.9,29.6,0.0,39.2,1041.2,2592.9,실온
242122,575.0,0.0,0.0,0.0,0.0,550.4,2.9,0.0,14.2,7.5,575.0,실온
242829,415.6,0.0,0.0,0.0,0.0,387.8,5.6,0.0,13.3,8.9,415.6,실온
242971,0.0,0.0,0.0,814.5,0.0,38.4,23.5,21.9,716.4,14.4,814.6,냉동
242972,0.0,0.0,0.0,1174.0,0.0,34.9,19.7,22.7,1077.3,19.4,1174.0,냉동
243128,411.8,0.0,0.0,758.2,0.0,411.8,77.4,31.2,582.6,67.1,1170.1,냉동
245990,0.0,4498.2,0.0,0.0,0.0,20.2,4449.2,0.0,19.0,9.8,4498.2,실온
246223,0.0,0.0,0.0,1530.0,0.0,97.3,305.0,0.0,843.3,284.3,1529.9,냉장
246225,0.0,0.0,0.0,1454.0,0.0,135.3,379.7,0.0,638.3,300.7,1454.0,냉장
246226,0.0,0.0,0.0,2020.0,0.0,99.3,315.3,0.0,1353.7,251.7,2020.0,냉장
246398,0.0,768.0,0.0,0.0,1264.0,38.7,768.0,0.0,34.6,1190.6,2031.9,실온
246859,1398.0,0.0,0.0,0.0,865.0,1398.0,76.4,20.5,42.0,726.1,2263.0,냉동
246934,1967.0,0.0,0.0,0.0,86.0,1936.8,16.8,8.9,4.6,86.0,2053.1,냉동
247343,1220.1,0.0,1115.1,0.0,1169.7,1220.1,44.7,1012.3,58.2,1169.7,3505.0,냉동
248028,1523.0,0.0,0.0,0.0,0.0,1315.5,56.0,62.2,72.8,16.5,1523.0,냉동
249240,842.5,1568.0,0.0,0.0,0.0,752.7,1568.0,0.0,60.6,29.1,2410.4,실온
249821,0.0,1530.0,0.0,0.0,0.0,64.8,1368.9,0.0,66.3,30.0,1530.0,실온
249971,0.0,0.0,0.0,0.0,118.8,35.3,41.6,0.0,33.3,8.6,118.8,실온
251923,612.0,0.0,0.0,0.0,2060.0,612.0,29.1,0.0,59.6,1971.2,2671.9,실온
253315,129.7,0.0,0.0,0.0,0.0,112.8,5.8,0.0,6.8,4.4,129.8,실온
253339,0.0,0.0,0.0,0.0,1206.5,24.0,23.6,5.1,25.4,1128.5,1206.6,냉동
256914,1275.0,0.0,0.0,0.0,0.0,1086.5,65.5,0.0,65.3,57.7,1275.0,냉장
257525,0.0,1764.0,0.0,0.0,0.0,11.7,1729.5,0.0,14.4,8.4,1764.0,실온
257586,0.0,3339.0,0.0,0.0,0.0,24.6,3272.2,0.0,28.7,13.5,3339.0,실온
257722,3013.1,0.0,0.0,0.0,0.0,2988.5,8.0,0.0,13.5,3.1,3013.1,실온
257767,0.0,0.0,0.0,0.0,617.4,17.6,17.1,0.0,15.7,567.0,617.4,냉장
259353,571.2,2385.6,0.0,0.0,0.0,530.4,2385.6,0.0,22.7,18.0,2956.7,실온
259445,0.0,0.0,0.0,0.0,980.0,16.4,9.7,0.0,24.4,929.6,980.1,냉장
261303,85.0,0.0,0.0,0.0,0.0,30.0,16.8,0.0,25.2,13.0,85.0,실온
262528,0.0,0.0,0.0,450.0,0.0,18.7,13.9,6.2,405.2,6.0,450.0,냉동
262993,0.0,17150.0,0.0,0.0,9830.0,399.7,17150.0,0.0,311.3,9119.0,26980.0,실온
268596,0.0,0.0,0.0,0.0,548.6,13.5,15.9,8.0,14.6,496.7,548.7,냉동
270084,0.0,0.0,2368.8,0.0,0.0,203.0,116.2,1715.0,296.8,37.8,2368.8,냉동
271173,0.0,416.0,0.0,0.0,0.0,20.4,374.0,0.0,15.8,5.7,415.9,실온
271174,0.0,1204.0,0.0,0.0,0.0,18.7,1165.1,0.0,11.5,8.7,1204.0,실온
272108,0.0,2550.0,0.0,0.0,0.0,29.2,2491.3,0.0,24.2,5.3,2550.0,실온
272757,0.0,761.0,0.0,0.0,0.0,25.7,707.7,0.0,24.3,3.2,760.9,실온
274242,2846.0,0.0,0.0,0.0,0.0,2627.6,91.2,0.0,98.4,28.8,2846.0,실온
274765,0.0,0.0,0.0,1170.2,0.0,195.7,46.2,95.8,809.8,22.8,1170.3,냉동
274946,3392.5,0.0,0.0,0.0,0.0,3216.2,119.2,0.0,39.8,17.2,3392.4,냉장
275323,0.0,0.0,0.0,989.0,0.0,37.9,18.0,8.9,907.5,16.7,989.0,냉동
276029,3665.2,0.0,0.0,0.0,0.0,3629.0,12.8,0.0,15.7,7.7,3665.2,실온
277541,0.0,0.0,0.0,0.0,1766.3,25.6,27.5,0.0,55.0,1658.2,1766.3,실온
277542,738.1,0.0,0.0,0.0,1850.5,738.1,22.1,0.0,22.0,1806.4,2588.6,실온
278159,0.0,426.0,0.0,0.0,0.0,15.8,394.8,0.0,12.0,3.4,426.0,실온
278729,0.0,0.0,0.0,0.0,320.4,16.8,5.6,0.0,7.3,290.6,320.3,실온
278773,0.0,2835.0,0.0,0.0,0.0,135.2,2579.9,0.0,84.4,35.6,2835.1,실온
280432,1103.5,1887.8,0.0,0.0,2816.2,886.7,1887.8,0.0,216.8,2816.2,5807.5,실온
280433,0.0,1544.4,0.0,0.0,1016.2,105.0,1367.0,0.0,72.4,1016.2,2560.6,실온
281216,0.0,0.0,0.0,0.0,1420.2,18.7,27.4,18.0,22.3,1333.8,1420.2,냉동
281228,0.0,0.0,0.0,1990.0,0.0,40.3,19.3,6.0,1921.0,3.4,1990.0,냉동
281229,0.0,0.0,0.0,1350.0,0.0,27.2,21.3,7.3,1274.5,19.7,1350.0,냉동
281622,0.0,0.0,0.0,0.0,396.9,39.6,4.9,11.0,13.9,327.4,396.8,냉동
281769,0.0,0.0,0.0,0.0,659.0,13.4,7.5,6.8,4.8,626.5,659.0,냉동
282108,0.0,0.0,0.0,0.0,4252.0,129.2,67.0,0.0,148.9,3906.9,4252.0,실온
283194,4588.8,0.0,0.0,0.0,0.0,4251.5,83.6,70.6,130.9,52.1,4588.7,냉동
283292,560.0,0.0,0.0,0.0,0.0,512.8,9.0,9.9,20.4,8.0,560.1,냉동
285483,950.0,0.0,0.0,0.0,0.0,910.5,8.8,0.0,14.3,16.3,949.9,실온
285487,820.0,0.0,0.0,1380.0,0.0,820.0,12.0,0.0,1365.0,3.0,2200.0,실온
285728,0.0,0.0,0.0,0.0,0.0,0.0,0.0,0.0,0.0,0.0,0.0,실온
285947,9795.0,0.0,0.0,0.0,855.0,9453.9,513.8,0.0,424.8,257.6,10650.1,실온
287522,627.0,0.0,0.0,0.0,0.0,620.7,0.9,3.5,1.2,0.8,627.1,냉동
287566,1480.0,0.0,0.0,0.0,0.0,1465.7,3.8,0.0,8.2,2.3,1480.0,실온
287664,772.2,0.0,0.0,0.0,0.0,747.7,12.3,2.2,4.3,5.6,772.1,냉동
288678,1285.0,889.0,0.0,0.0,0.0,1285.0,874.0,0.0,11.4,3.6,2174.0,실온
288777,2065.0,0.0,0.0,0.0,0.0,1589.2,148.3,0.0,195.0,132.5,2065.0,냉장
291697,0.0,0.0,0.0,462.0,0.0,22.1,3.0,14.5,415.3,7.0,461.9,냉동
291699,0.0,0.0,0.0,427.0,0.0,29.8,8.8,11.7,368.6,8.2,427.1,냉동
292995,2926.0,0.0,0.0,0.0,0.0,2740.2,42.5,48.9,65.8,28.6,2926.0,냉동
293739,0.0,0.0,0.0,670.1,0.0,11.4,40.2,7.3,605.2,6.0,670.1,냉동
294221,0.0,0.0,0.0,0.0,1858.0,54.2,39.3,0.0,83.4,1681.1,1858.0,실온
294222,0.0,2454.0,0.0,0.0,0.0,56.5,2319.8,0.0,49.1,28.6,2454.0,실온
294614,1298.0,0.0,1718.0,1808.0,0.0,1298.0,54.4,1643.3,1808.0,20.3,4824.0,냉동
294616,664.0,0.0,926.0,984.0,0.0,592.6,38.7,926.0,984.0,32.7,2574.0,냉동
294620,0.0,0.0,0.0,416.0,0.0,12.1,8.0,3.6,385.5,6.7,415.9,냉동
294622,2332.0,0.0,0.0,356.0,0.0,2269.9,25.6,19.5,356.0,16.9,2687.9,냉동
294623,0.0,2820.0,0.0,0.0,0.0,47.8,2738.8,0.0,29.7,3.7,2820.0,실온
294890,721.6,0.0,0.0,0.0,0.0,584.3,35.2,35.9,41.6,24.6,721.6,냉동
295723,0.0,1890.0,0.0,0.0,0.0,64.8,1783.8,0.0,31.8,9.5,1889.9,실온
295753,0.0,1199.5,0.0,0.0,0.0,14.3,1176.3,0.0,6.4,2.5,1199.5,실온
295774,418.4,0.0,0.0,0.0,0.0,417.3,0.1,0.0,0.3,0.7,418.4,실온
296169,193.6,52.8,0.0,0.0,0.0,193.6,30.5,0.0,14.2,8.1,246.4,실온
296369,804.0,0.0,0.0,0.0,0.0,797.1,1.9,0.0,4.1,0.9,804.0,실온
297496,2020.0,0.0,0.0,0.0,0.0,1987.8,9.0,10.3,5.2,7.7,2020.0,냉동
297823,262.4,479.7,0.0,0.0,676.5,262.4,458.7,0.0,21.0,676.5,1418.6,실온
297923,0.0,325.0,0.0,0.0,650.0,9.7,325.0,0.0,17.9,622.4,975.0,실온
298904,526.8,0.0,0.0,0.0,0.0,475.9,9.5,13.6,15.4,12.4,526.8,냉동
301232,730.0,0.0,0.0,0.0,0.0,730.0,0.0,0.0,0.0,0.0,730.0,실온
301241,470.0,0.0,0.0,0.0,0.0,470.0,0.0,0.0,0.0,0.0,470.0,실온
301711,1665.0,0.0,0.0,0.0,0.0,1615.3,12.1,0.0,23.4,14.1,1664.9,냉장
303028,0.0,0.0,0.0,0.0,2006.7,40.4,27.8,0.0,55.7,1882.7,2006.6,냉장
303506,2135.2,0.0,2284.8,709.9,0.0,2135.2,94.4,2284.8,553.6,61.9,5129.9,냉동
305346,1653.4,0.0,0.0,0.0,0.0,1610.6,8.6,18.7,10.3,5.2,1653.4,냉동
318813,855.0,0.0,0.0,0.0,0.0,820.6,13.0,4.2,13.7,3.5,855.0,냉동
319039,1928.0,0.0,0.0,0.0,1958.0,1742.1,75.1,0.0,110.7,1958.0,3885.9,실온
322650,0.0,0.0,0.0,0.0,937.6,12.6,2.9,1.2,10.2,910.6,937.5,냉동
322687,2802.6,0.0,0.0,0.0,0.0,2680.6,39.1,0.0,54.4,28.6,2802.7,실온
323476,881.1,0.0,0.0,0.0,0.0,633.7,67.6,50.7,91.0,38.2,881.2,냉동
324643,0.0,0.0,0.0,0.0,2505.0,43.4,11.1,10.9,16.3,2423.3,2505.0,냉동
324920,643.0,0.0,0.0,0.0,0.0,608.7,4.3,6.1,17.0,6.9,643.0,냉동
324921,412.0,0.0,0.0,0.0,0.0,333.8,16.3,20.5,33.4,8.1,412.1,냉동
325396,0.0,0.0,255.0,0.0,2296.0,75.6,84.2,255.0,215.4,1920.8,2551.0,냉동
325425,836.0,0.0,0.0,0.0,0.0,789.2,7.2,7.1,23.4,9.1,836.0,냉동
325695,0.0,1604.0,0.0,0.0,0.0,64.6,1531.0,0.0,6.2,2.2,1604.0,실온
326154,115.0,0.0,0.0,0.0,2880.0,115.0,53.5,0.0,125.4,2701.1,2995.0,냉장
327081,588.0,0.0,0.0,0.0,0.0,578.9,2.3,1.8,3.4,1.5,587.9,냉동
328696,0.0,0.0,0.0,0.0,1104.0,46.4,72.7,0.0,24.8,960.1,1104.0,실온
329097,0.0,2850.0,0.0,0.0,0.0,9.0,2840.0,0.0,1.0,0.0,2850.0,실온
329253,3112.0,0.0,0.0,0.0,0.0,2887.7,31.5,53.5,93.8,45.5,3112.0,냉동
330247,3040.0,0.0,0.0,0.0,0.0,2696.0,0.0,193.0,151.0,0.0,3040.0,냉동
331480,0.0,0.0,1779.6,0.0,0.0,93.8,94.9,1457.6,92.3,41.0,1779.6,냉동
331498,0.0,0.0,1502.0,0.0,0.0,306.8,193.8,574.7,301.9,124.8,1502.0,냉동
331703,666.0,0.0,0.0,0.0,0.0,631.6,9.6,0.0,15.3,9.5,666.0,냉장
332845,625.6,0.0,0.0,0.0,1465.6,581.2,17.1,0.0,27.4,1465.6,2091.3,실온
335389,908.8,0.0,0.0,0.0,0.0,857.6,18.0,0.0,22.8,10.4,908.8,실온
335520,2266.3,0.0,0.0,0.0,0.0,2247.9,10.1,0.0,1.0,7.4,2266.4,실온
335676,1497.4,0.0,0.0,0.0,0.0,1368.6,66.1,0.0,38.0,24.8,1497.5,실온
336083,2260.0,0.0,0.0,0.0,0.0,1328.7,378.0,0.0,441.3,112.0,2260.0,실온
337229,3410.4,0.0,0.0,0.0,0.0,3323.6,51.8,0.0,18.5,16.5,3410.4,실온
337371,0.0,1882.9,0.0,0.0,0.0,34.4,1813.9,0.0,26.7,8.0,1883.0,실온
337503,2031.0,0.0,0.0,0.0,0.0,2031.0,0.0,0.0,0.0,0.0,2031.0,냉장
338160,1838.2,0.0,0.0,0.0,0.0,1812.5,8.5,3.8,7.0,6.4,1838.2,냉동
338770,0.0,0.0,0.0,9640.0,0.0,91.0,374.5,0.0,8896.8,277.7,9640.0,실온
338888,0.0,1337.6,0.0,0.0,0.0,31.1,1302.3,0.0,4.1,0.1,1337.6,실온
339541,0.0,584.3,0.0,0.0,0.0,31.2,525.8,0.0,20.9,6.3,584.2,실온
340410,0.0,1205.4,0.0,0.0,0.0,19.5,1146.0,0.0,26.3,13.6,1205.4,실온
341983,0.0,1408.3,0.0,0.0,0.0,9.0,1383.8,0.0,10.8,4.8,1408.4,실온
342003,800.0,4160.0,0.0,2550.0,0.0,800.0,4001.7,0.0,2550.0,158.3,7510.0,실온
342118,1008.0,0.0,0.0,0.0,0.0,987.6,6.6,1.8,6.0,6.0,1008.0,냉동
342119,484.5,0.0,0.0,0.0,0.0,453.5,13.0,0.0,14.4,3.6,484.5,실온
342120,1356.0,0.0,0.0,0.0,0.0,1279.0,18.8,18.6,27.8,11.8,1356.0,냉동
343193,407.9,0.0,0.0,0.0,0.0,346.8,16.5,0.0,8.9,35.8,408.0,실온
343221,1676.0,0.0,0.0,0.0,0.0,1325.0,103.5,0.0,182.2,65.2,1675.9,냉장
343397,0.0,1042.8,0.0,0.0,2131.8,36.5,974.2,0.0,32.1,2131.8,3174.6,실온
343797,0.0,0.0,0.0,0.0,680.0,14.0,9.3,4.4,22.0,630.3,680.0,냉동
344480,1598.0,0.0,1764.0,1272.0,0.0,1504.4,61.0,1764.0,1272.0,32.6,4634.0,냉동
344723,3588.0,0.0,0.0,0.0,0.0,3517.9,14.5,19.4,22.6,13.6,3588.0,냉동
345492,809.3,0.0,0.0,0.0,0.0,769.7,10.7,0.0,22.5,6.4,809.3,냉장
345674,0.0,1107.2,0.0,0.0,0.0,94.4,914.1,0.0,74.3,24.4,1107.2,실온
347074,0.0,0.0,602.0,380.0,0.0,42.7,16.0,602.0,291.7,29.5,981.9,냉동
347081,1754.0,0.0,0.0,0.0,0.0,1502.9,75.9,38.0,90.6,46.5,1753.9,냉동
347680,0.0,510.0,0.0,0.0,0.0,10.5,488.4,0.0,7.3,3.7,509.9,실온
347858,0.0,0.0,0.0,0.0,32.0,12.2,5.9,0.0,7.6,6.3,32.0,실온
347918,0.0,2984.0,0.0,0.0,0.0,125.3,2689.6,0.0,118.7,50.4,2984.0,실온
348355,1155.0,0.0,0.0,0.0,0.0,1085.4,18.6,16.8,20.2,14.0,1155.0,냉동
348356,888.0,0.0,0.0,0.0,0.0,843.4,15.9,10.4,6.9,11.3,887.9,냉동
348969,780.0,6760.0,0.0,5720.0,0.0,780.0,6760.0,0.0,5425.7,294.3,13260.0,실온
349776,0.0,0.0,0.0,1312.0,0.0,35.2,1.4,10.4,1255.0,10.0,1312.0,냉동
350630,1062.0,0.0,0.0,0.0,0.0,1044.4,4.5,2.8,5.1,5.1,1061.9,냉동
351084,3991.6,0.0,0.0,0.0,0.0,3927.0,21.4,0.0,27.8,15.4,3991.6,실온
351702,908.2,0.0,0.0,0.0,0.0,854.3,9.9,19.1,21.5,3.4,908.2,냉동
352536,2275.4,0.0,0.0,0.0,0.0,2204.9,25.6,6.9,22.6,15.4,2275.4,냉동
352537,2586.2,0.0,0.0,0.0,0.0,2555.1,9.3,8.4,4.7,8.7,2586.2,냉동
353213,4400.0,0.0,0.0,0.0,0.0,4006.2,327.6,0.0,41.0,25.2,4400.0,실온
353571,0.0,0.0,0.0,0.0,1830.9,106.2,50.9,27.0,70.6,1576.2,1830.9,냉동
354750,1205.0,1820.0,0.0,0.0,0.0,1205.0,1810.4,0.0,7.6,2.0,3025.0,실온
354792,6290.0,0.0,0.0,0.0,0.0,6241.0,16.0,18.5,1.3,13.2,6290.0,냉동
355259,2016.0,0.0,0.0,0.0,0.0,1802.7,87.1,0.0,64.7,61.6,2016.1,냉장
356081,2356.5,0.0,0.0,0.0,0.0,2301.7,21.1,3.0,24.5,6.2,2356.5,냉동
356665,0.0,0.0,0.0,0.0,1420.0,10.4,9.9,5.0,38.3,1356.4,1420.0,냉동
356814,19.1,0.0,1265.4,0.0,1501.5,33.4,65.7,1265.4,24.6,1397.0,2786.1,냉동
356982,1620.0,0.0,0.0,0.0,598.0,1580.3,12.7,11.5,15.5,598.0,2218.0,냉동
359441,2412.0,0.0,0.0,0.0,0.0,2311.5,26.4,17.6,29.2,27.3,2412.0,냉동
359458,3063.6,0.0,0.0,0.0,0.0,3009.3,16.1,0.0,28.3,9.9,3063.6,실온
359542,1820.4,0.0,0.0,0.0,0.0,1784.1,10.8,0.0,16.5,8.9,1820.3,실온
359543,1984.5,0.0,0.0,0.0,0.0,1961.9,7.4,0.0,9.1,6.1,1984.5,실온
359545,2842.8,0.0,0.0,0.0,0.0,2823.9,9.0,0.0,3.7,6.2,2842.8,실온
359695,0.0,0.0,0.0,0.0,1976.0,262.5,188.8,125.0,268.9,1130.9,1976.1,냉동
359732,170.0,0.0,0.0,0.0,0.0,115.3,28.0,2.7,6.0,18.0,170.0,냉동
359919,0.0,0.0,0.0,0.0,1469.0,24.3,22.7,12.3,25.3,1384.3,1468.9,냉동
359981,1395.0,0.0,0.0,0.0,0.0,1175.8,65.1,43.8,76.4,33.8,1394.9,냉동
361667,2870.0,140.0,0.0,0.0,0.0,2829.4,140.0,0.0,22.9,17.7,3010.0,실온
361668,2670.0,0.0,0.0,0.0,0.0,2589.0,28.0,0.0,36.5,16.5,2670.0,실온
361681,0.0,1980.0,0.0,0.0,0.0,19.5,1939.0,0.0,18.0,3.5,1980.0,실온
361700,0.0,0.0,0.0,0.0,728.0,48.1,23.8,0.0,47.2,608.8,727.9,실온
361754,62.7,610.3,0.0,0.0,0.0,26.8,610.3,0.0,4.3,31.6,673.0,실온
361885,338.0,0.0,0.0,0.0,0.0,322.6,6.7,0.0,6.5,2.2,338.0,실온
362030,455.0,0.0,0.0,0.0,0.0,439.2,4.7,0.0,8.0,3.1,455.0,실온
362252,0.0,0.0,0.0,0.0,884.8,128.0,51.0,0.0,107.2,598.6,884.8,실온
362327,0.0,0.0,0.0,0.0,1248.0,69.8,30.8,0.0,42.5,1105.0,1248.1,실온
362457,0.0,4170.0,0.0,0.0,0.0,96.8,3938.4,0.0,73.2,61.6,4170.0,실온
362482,0.0,0.0,0.0,0.0,1779.3,59.4,48.5,0.0,55.0,1616.4,1779.3,냉장
362504,378.0,0.0,0.0,0.0,0.0,354.7,5.1,0.0,15.4,2.8,378.0,실온
362505,224.0,0.0,0.0,0.0,0.0,174.1,12.1,0.0,27.8,10.0,224.0,실온
362517,1078.0,0.0,0.0,0.0,0.0,1039.3,12.4,0.0,19.4,7.0,1078.1,실온
362518,695.5,0.0,0.0,0.0,0.0,674.2,8.0,0.0,7.0,6.3,695.5,실온
362526,0.0,4592.0,0.0,0.0,0.0,84.0,4400.4,0.0,72.8,34.8,4592.0,실온
362529,0.0,966.0,0.0,0.0,0.0,26.8,917.2,0.0,14.2,7.7,965.9,실온
362609,0.0,0.0,0.0,0.0,956.0,19.2,16.7,0.0,23.8,896.3,956.0,냉장
362634,0.0,0.0,0.0,0.0,862.0,16.0,7.8,0.0,7.9,830.3,862.0,냉장
362664,704.0,0.0,0.0,0.0,0.0,689.7,7.9,0.0,0.0,6.3,703.9,냉장
362665,448.0,0.0,0.0,0.0,0.0,441.9,2.8,0.0,0.0,3.3,448.0,냉장
362836,1731.0,0.0,0.0,0.0,0.0,800.4,344.7,0.0,398.1,187.8,1731.0,냉장
362882,1490.0,0.0,0.0,3100.0,0.0,1071.0,286.0,0.0,3100.0,133.0,4590.0,실온
363010,0.0,0.0,0.0,1562.0,0.0,85.9,104.1,0.0,1343.6,28.5,1562.1,냉장
363090,0.0,0.0,0.0,1819.4,0.0,106.0,92.6,0.0,1564.8,56.0,1819.4,실온
363107,0.0,0.0,0.0,1771.5,0.0,85.4,83.9,55.9,1474.2,72.1,1771.5,냉동
363127,0.0,0.0,0.0,1551.0,0.0,65.6,62.4,0.0,1401.1,21.9,1551.0,냉장
364314,422.5,0.0,0.0,0.0,0.0,401.0,6.5,0.0,10.0,5.0,422.5,실온
364326,1092.0,0.0,0.0,0.0,0.0,1070.3,5.8,0.0,9.6,6.3,1092.0,실온
364380,0.0,871.5,0.0,0.0,0.0,15.4,838.6,0.0,12.8,4.8,871.6,실온
368774,710.5,1055.6,0.0,0.0,0.0,710.5,1037.0,0.0,12.5,6.1,1766.1,실온
368786,0.0,0.0,0.0,3540.0,0.0,176.3,97.1,0.0,3224.5,42.1,3540.0,냉장
368813,0.0,0.0,0.0,1236.0,0.0,64.0,43.1,26.5,1072.6,29.8,1236.0,냉동
368815,0.0,0.0,0.0,895.5,0.0,68.8,81.2,0.0,717.1,28.3,895.4,냉장
368817,0.0,0.0,0.0,720.0,0.0,140.0,133.5,0.0,394.7,51.8,720.0,냉장
368821,970.0,0.0,0.0,2300.0,0.0,824.0,97.0,0.0,2300.0,49.0,3270.0,실온
368865,4740.0,3549.0,0.0,0.0,5640.0,4740.0,3317.4,0.0,231.6,5640.0,13929.0,실온
368921,0.0,0.0,0.0,2326.8,0.0,54.6,106.3,0.0,2114.3,51.7,2326.9,실온
368931,0.0,1308.0,0.0,2264.0,0.0,43.6,1239.6,0.0,2264.0,24.7,3571.9,실온
369036,0.0,0.0,0.0,2419.0,0.0,151.8,145.0,85.0,1961.2,76.0,2419.0,냉동
369076,3132.0,0.0,0.0,0.0,0.0,2008.5,297.2,223.1,413.2,190.0,3132.0,냉동
369077,0.0,0.0,0.0,3650.4,0.0,112.8,125.4,48.2,3298.1,65.9,3650.4,냉동
369116,0.0,0.0,0.0,1058.0,0.0,326.9,59.5,0.0,663.9,7.7,1058.0,냉장
369134,0.0,0.0,0.0,940.0,0.0,241.5,59.5,0.0,631.3,7.7,940.0,냉장
369198,591.0,2475.0,0.0,0.0,0.0,591.0,2453.7,0.0,15.7,5.6,3066.0,실온
369370,2996.4,0.0,4177.8,1834.8,0.0,2996.4,138.6,4177.8,1615.7,80.5,9009.0,냉동
369410,0.0,0.0,0.0,442.0,0.0,28.1,18.2,14.7,373.9,7.0,441.9,냉동
369519,0.0,0.0,0.0,0.0,1509.0,42.9,15.4,5.4,14.3,1431.0,1509.0,냉동
369800,1749.0,0.0,0.0,0.0,0.0,1660.9,27.4,0.0,40.7,20.0,1749.0,실온
370051,546.8,0.0,0.0,0.0,0.0,538.9,7.0,0.0,0.7,0.2,546.8,실온
370135,0.0,0.0,654.3,0.0,0.0,41.8,22.1,546.3,32.8,11.2,654.2,냉동
370192,959.0,0.0,0.0,477.0,0.0,852.5,39.4,47.3,477.0,19.8,1436.0,냉동
370193,0.0,0.0,0.0,1881.0,0.0,99.0,53.1,0.0,1704.2,24.8,1881.1,냉장
370196,0.0,0.0,0.0,970.0,0.0,54.0,28.8,0.0,871.4,15.8,970.0,냉장
370216,0.0,0.0,0.0,0.0,0.0,0.0,0.0,0.0,0.0,0.0,0.0,냉동
370278,0.0,0.0,747.0,0.0,0.0,52.8,26.8,616.8,36.5,14.0,746.9,냉동
370286,0.0,0.0,1490.0,0.0,0.0,91.7,49.2,1256.1,67.6,25.4,1490.0,냉동
370312,1454.4,0.0,0.0,0.0,0.0,1294.0,57.2,0.0,75.8,27.6,1454.6,실온
370334,2788.2,0.0,1954.3,665.3,0.0,2788.2,72.5,1954.3,558.6,34.2,5407.8,냉동
370336,0.0,0.0,0.0,5624.0,0.0,364.3,193.8,0.0,4980.5,85.3,5623.9,냉장
370339,0.0,0.0,887.0,0.0,0.0,29.6,18.3,806.8,22.8,9.5,887.0,냉동
370364,0.0,0.0,2047.0,0.0,0.0,93.0,54.8,1805.6,68.5,25.2,2047.1,냉동
370499,2394.0,0.0,0.0,0.0,0.0,2374.7,3.7,5.6,6.0,4.0,2394.0,냉동
370512,0.0,0.0,0.0,0.0,953.3,15.8,23.2,1.6,13.2,899.4,953.2,냉동
370881,7400.0,0.0,0.0,2260.0,0.0,6500.0,532.5,0.0,2260.0,367.5,9660.0,냉장
371089,0.0,0.0,0.0,1177.8,0.0,69.2,67.4,0.0,1006.6,34.6,1177.8,냉장
371315,170.0,0.0,0.0,0.0,0.0,154.5,9.0,0.0,3.5,3.0,170.0,냉장
371325,4264.9,0.0,0.0,6293.4,0.0,3336.0,340.3,422.3,6293.4,166.3,10558.3,냉동
371326,2079.0,0.0,0.0,1872.0,0.0,1930.5,97.2,0.0,1872.0,51.3,3951.0,실온
372006,0.0,0.0,0.0,1661.1,0.0,19.7,6.7,0.0,1629.8,4.8,1661.0,실온
372050,1295.0,0.0,0.0,0.0,0.0,1275.4,8.6,0.0,6.8,4.2,1295.0,냉동
372101,0.0,0.0,0.0,597.0,0.0,71.0,5.2,2.1,516.4,2.4,597.1,냉동
372123,468.5,0.0,0.0,0.0,0.0,408.0,24.8,12.1,15.0,8.6,468.5,냉동
372124,0.0,0.0,0.0,2510.0,0.0,219.3,47.8,0.0,2217.2,25.7,2510.0,냉장
372137,3275.5,0.0,0.0,2013.1,0.0,3275.5,520.8,171.4,800.8,520.1,5288.6,냉동
372172,1432.4,0.0,0.0,0.0,0.0,1008.0,90.3,114.9,182.9,36.2,1432.3,냉동
372305,0.0,0.0,0.0,975.1,0.0,52.9,76.8,14.3,798.4,32.6,975.0,냉동
372307,3168.0,0.0,0.0,2850.0,0.0,3168.0,311.5,0.0,2376.4,162.0,6017.9,실온
372308,1726.4,0.0,0.0,0.0,0.0,1465.5,126.2,0.0,72.8,61.9,1726.4,실온
372309,0.0,0.0,0.0,829.5,0.0,67.3,16.5,46.8,697.2,1.7,829.5,냉동
372419,0.0,0.0,0.0,1375.0,0.0,57.8,55.8,0.0,1230.8,30.8,1375.2,냉장
372642,0.0,0.0,0.0,0.0,2849.0,147.0,102.3,0.0,148.0,2451.7,2849.0,냉장
372644,1454.4,0.0,0.0,1484.6,0.0,1454.4,105.0,0.0,1315.6,64.1,2939.1,냉장
372645,1376.0,0.0,0.0,1838.4,0.0,1320.9,34.4,0.0,1838.4,20.7,3214.4,냉장
372659,0.0,0.0,0.0,0.0,1909.0,148.4,81.9,119.2,139.1,1420.4,1909.0,냉동
372666,1967.0,1820.0,0.0,1624.0,0.0,1967.0,1820.0,0.0,1402.8,221.2,5411.0,실온
373141,2780.0,0.0,0.0,1900.0,0.0,2780.0,58.3,0.0,1753.7,88.0,4680.0,실온
373188,0.0,0.0,0.0,0.0,984.0,17.6,62.7,0.0,91.6,812.1,984.0,실온
373419,1780.0,0.0,0.0,0.0,0.0,1744.7,13.0,0.0,18.0,4.3,1780.0,실온
373780,0.0,0.0,0.0,1400.0,0.0,561.9,256.2,33.4,409.3,139.2,1400.0,냉동
374153,1310.0,0.0,0.0,0.0,0.0,1102.8,60.4,38.1,61.1,47.7,1310.1,냉동
374165,0.0,601.0,0.0,0.0,0.0,26.5,556.1,0.0,11.5,6.9,601.0,실온
374323,638.1,0.0,0.0,0.0,0.0,618.6,4.1,7.7,6.2,1.5,638.1,냉동
374569,792.0,0.0,0.0,0.0,0.0,587.4,89.1,33.4,65.3,16.8,792.0,냉동
374925,0.0,0.0,0.0,1353.0,0.0,66.0,39.6,68.1,1175.7,3.6,1353.0,냉동
375045,0.0,0.0,0.0,2883.1,0.0,54.9,119.4,0.0,2658.1,50.8,2883.2,실온
375046,0.0,0.0,0.0,8562.2,0.0,144.0,279.4,0.0,8036.9,102.0,8562.3,실온
375047,0.0,0.0,0.0,3226.1,0.0,69.0,54.1,0.0,3084.7,18.3,3226.1,실온
376212,0.0,0.0,2802.4,2625.0,0.0,165.4,86.9,2802.4,2316.1,56.6,5427.4,냉동
377635,798.3,0.0,0.0,0.0,0.0,788.7,2.5,0.0,5.5,1.6,798.3,냉장
377636,843.2,0.0,0.0,0.0,0.0,834.4,2.7,0.0,2.5,3.6,843.2,냉장
377690,470.4,0.0,0.0,0.0,0.0,422.8,15.9,9.7,11.5,10.5,470.4,냉동
377827,882.0,0.0,0.0,0.0,0.0,668.0,56.8,44.1,92.3,20.8,882.0,냉동
378004,0.0,0.0,0.0,690.0,0.0,33.6,17.4,0.0,631.4,7.6,690.0,냉장
378332,840.4,4839.1,0.0,0.0,0.0,840.4,4781.2,0.0,37.2,20.8,5679.6,실온
379592,0.0,0.0,0.0,0.0,1060.0,63.3,170.0,0.0,556.7,270.0,1060.0,실온
379702,644.0,0.0,0.0,0.0,0.0,488.8,45.0,47.4,46.2,16.6,644.0,냉동
380098,0.0,0.0,0.0,0.0,1372.0,114.0,91.0,57.7,126.3,983.0,1372.0,냉동
380353,0.0,0.0,3247.0,0.0,0.0,75.0,41.7,3052.0,56.2,22.2,3247.1,냉동
380355,0.0,0.0,2447.0,0.0,0.0,93.5,53.3,2199.9,71.8,28.4,2446.9,냉동
380456,0.0,0.0,0.0,2304.0,0.0,88.8,49.2,0.0,2137.6,28.4,2304.0,실온
380760,0.0,2808.0,0.0,0.0,0.0,57.8,2694.2,0.0,39.2,16.7,2807.9,실온
381045,0.0,0.0,0.0,0.0,2659.0,95.8,39.8,0.0,77.7,2445.7,2659.0,냉장
381287,2923.2,0.0,0.0,0.0,0.0,2885.6,8.6,0.0,16.6,12.4,2923.2,실온
381288,0.0,0.0,0.0,0.0,2886.4,47.3,32.9,0.0,47.5,2758.7,2886.4,냉장
381478,0.0,0.0,0.0,0.0,1827.5,115.6,66.8,0.0,132.1,1513.0,1827.5,실온
381489,0.0,0.0,0.0,0.0,1572.0,25.4,12.6,13.5,15.0,1505.6,1572.1,냉동
381512,0.0,0.0,0.0,441.0,0.0,32.6,14.2,17.7,369.5,7.0,441.0,냉동
381515,0.0,0.0,0.0,196.2,0.0,62.2,31.5,26.6,51.2,24.8,196.3,냉동
381516,0.0,0.0,0.0,765.0,0.0,45.9,2.6,9.2,705.0,2.3,765.0,냉동
381520,0.0,0.0,0.0,648.3,0.0,18.9,6.4,10.8,604.6,7.5,648.2,냉동
381525,0.0,0.0,0.0,103.8,0.0,29.8,8.4,13.4,46.2,5.9,103.7,냉동
382355,479.0,1653.0,0.0,0.0,0.0,479.0,1629.0,0.0,20.3,3.7,2132.0,실온
382584,1140.0,0.0,0.0,0.0,1162.8,1085.2,18.4,15.6,20.9,1162.8,2302.9,냉동
382666,0.0,1110.0,0.0,0.0,0.0,31.7,1034.3,0.0,31.7,12.3,1110.0,실온
383601,0.0,1567.0,0.0,0.0,0.0,82.8,1398.8,0.0,65.9,19.5,1567.0,실온
383684,1149.1,0.0,0.0,0.0,0.0,511.6,157.1,138.6,288.3,53.6,1149.2,냉동
384106,0.0,0.0,0.0,0.0,2172.0,52.8,41.2,0.0,241.5,1836.5,2172.0,실온
384132,2620.0,0.0,0.0,0.0,0.0,2463.7,0.0,0.0,156.3,0.0,2620.0,실온
384157,0.0,878.0,0.0,0.0,0.0,27.8,804.5,0.0,29.4,16.3,878.0,실온
384565,0.0,0.0,2074.8,0.0,0.0,213.3,121.1,1334.3,302.0,104.1,2074.8,냉동
384584,0.0,0.0,0.0,515.0,0.0,63.0,14.0,0.0,428.7,9.3,515.0,냉장
384635,1719.0,0.0,0.0,0.0,0.0,1474.0,80.0,0.0,111.2,53.8,1719.0,냉장
384845,0.0,5900.0,0.0,0.0,0.0,591.7,4462.7,0.0,623.0,222.7,5900.1,실온
385646,2485.0,2124.3,0.0,0.0,0.0,2385.6,2124.3,0.0,80.9,18.6,4609.4,실온
385648,454.4,1479.6,0.0,0.0,0.0,454.4,1462.1,0.0,13.5,4.0,1934.0,실온
385753,0.0,0.0,0.0,1278.0,0.0,128.4,47.2,64.0,1008.5,29.8,1277.9,냉동
386044,0.0,0.0,0.0,2592.0,0.0,386.7,214.3,0.0,1889.3,101.7,2592.0,냉장
386048,0.0,0.0,0.0,878.4,0.0,354.4,184.2,0.0,265.5,74.3,878.4,냉장
386049,0.0,0.0,0.0,1000.8,0.0,385.2,208.5,0.0,315.4,91.7,1000.8,냉장
386084,460.0,0.0,0.0,0.0,0.0,460.0,0.0,0.0,0.0,0.0,460.0,실온
386089,776.0,0.0,0.0,0.0,0.0,776.0,0.0,0.0,0.0,0.0,776.0,실온
386091,548.0,0.0,0.0,0.0,0.0,548.0,0.0,0.0,0.0,0.0,548.0,실온
386162,0.0,4108.8,0.0,0.0,0.0,33.0,4013.0,0.0,40.6,22.2,4108.8,실온
386175,1431.0,0.0,0.0,0.0,0.0,1408.0,9.1,4.8,5.6,3.5,1431.0,냉동
386568,800.0,0.0,0.0,0.0,0.0,444.7,80.3,82.5,161.8,30.7,800.0,냉동
386608,0.0,0.0,0.0,805.9,0.0,107.9,58.7,57.8,545.3,36.3,806.0,냉동
386642,659.0,4113.6,0.0,0.0,0.0,659.0,4044.7,0.0,45.2,23.6,4772.5,실온
387101,0.0,0.0,0.0,0.0,749.0,53.1,38.0,0.0,76.3,581.6,749.0,실온
387120,0.0,0.0,0.0,4464.0,0.0,761.7,479.4,350.9,2651.5,220.4,4463.9,냉동
387197,0.0,0.0,0.0,0.0,442.0,8.9,1.8,0.5,7.3,423.4,441.9,냉동
387198,0.0,0.0,0.0,1143.0,0.0,29.9,23.3,5.3,1056.2,28.4,1143.1,냉동
387242,1180.0,0.0,0.0,1862.0,0.0,890.7,129.1,87.2,1862.0,72.9,3041.9,냉동
387340,3450.0,0.0,0.0,0.0,0.0,3443.8,1.4,0.0,2.7,2.1,3450.0,실온
387660,3023.0,0.0,0.0,0.0,0.0,2941.2,37.3,0.0,35.4,9.2,3023.1,냉장
387719,3756.0,0.0,0.0,0.0,0.0,2345.0,379.2,255.5,521.7,254.6,3756.0,냉동
387749,0.0,0.0,0.0,753.0,0.0,241.8,0.2,0.4,509.8,0.8,753.0,냉동
387983,0.0,1246.2,0.0,0.0,0.0,97.6,863.4,0.0,186.0,99.2,1246.2,실온
388676,1251.0,0.0,0.0,0.0,0.0,1104.5,21.8,36.6,68.0,20.0,1250.9,냉동
388678,2100.0,0.0,0.0,0.0,0.0,1975.4,24.2,34.2,39.2,27.0,2100.0,냉동
388679,2544.0,0.0,0.0,0.0,0.0,2454.4,19.3,25.5,34.8,10.0,2544.0,냉동
388681,1354.0,0.0,0.0,0.0,0.0,1328.8,6.8,4.0,8.8,5.5,1353.9,냉동
388743,0.0,0.0,0.0,0.0,3472.5,212.5,124.2,102.9,269.6,2763.3,3472.5,냉동
388745,325.0,0.0,0.0,3324.0,0.0,325.0,42.1,21.2,3235.4,25.3,3649.0,냉동
389114,0.0,7319.0,0.0,0.0,0.0,29.9,7241.0,0.0,36.0,12.1,7319.0,실온
389503,5689.0,0.0,0.0,0.0,0.0,5512.2,176.8,0.0,0.0,0.0,5689.0,냉장
389547,0.0,8136.0,0.0,0.0,0.0,200.4,7648.8,0.0,222.6,64.2,8136.0,실온
389575,0.0,1987.2,0.0,0.0,0.0,9.7,1971.7,0.0,4.7,1.1,1987.2,실온
389579,2120.0,0.0,0.0,0.0,0.0,1939.2,57.0,0.0,96.1,27.6,2119.9,실온
389698,0.0,213.0,0.0,0.0,0.0,41.0,148.2,0.0,18.0,5.7,212.9,실온
389702,0.0,0.0,0.0,1449.6,0.0,18.7,14.5,20.7,1377.5,18.2,1449.6,냉동
389708,0.0,4950.0,0.0,0.0,0.0,78.3,4825.8,0.0,34.3,11.5,4949.9,실온
389923,789.0,0.0,0.0,0.0,0.0,766.2,6.5,5.3,7.3,3.6,788.9,냉동
389932,0.0,0.0,0.0,0.0,2203.6,14.3,3.3,8.4,5.5,2172.2,2203.7,냉동
390015,1287.1,0.0,0.0,0.0,0.0,1184.2,23.6,20.7,43.3,15.3,1287.1,냉동
390077,0.0,1379.7,0.0,0.0,0.0,58.6,1246.4,0.0,58.6,16.1,1379.7,실온
390088,0.0,0.0,0.0,4269.0,0.0,313.4,185.1,208.7,3449.9,111.9,4269.0,냉동
390233,3613.5,0.0,0.0,0.0,0.0,3309.6,113.6,0.0,108.1,82.2,3613.5,실온
390254,0.0,0.0,1100.8,0.0,0.0,24.0,6.5,1056.1,10.7,3.5,1100.8,냉동
390280,1366.2,0.0,0.0,0.0,0.0,1314.8,13.6,0.0,12.5,25.3,1366.2,냉장
390344,188.8,0.0,0.0,0.0,0.0,176.4,2.5,0.0,6.3,3.6,188.8,냉장
390619,4240.0,0.0,0.0,0.0,0.0,4043.3,50.0,0.0,121.7,25.0,4240.0,실온
390905,0.0,0.0,0.0,0.0,4305.0,131.7,68.1,100.1,74.4,3930.7,4305.0,냉동
391043,382.8,0.0,0.0,0.0,0.0,370.0,4.8,0.0,7.9,0.0,382.7,냉동
391060,1350.0,0.0,6158.0,5844.0,0.0,1350.0,218.8,5804.7,5844.0,134.5,13352.0,냉동
391062,2588.0,0.0,1288.0,3222.0,0.0,2588.0,119.0,1083.6,3222.0,85.4,7098.0,냉동
391082,0.0,0.0,0.0,0.0,4185.0,262.2,147.7,91.1,202.5,3481.4,4184.9,냉동
391083,0.0,0.0,0.0,0.0,3274.0,124.4,107.5,77.6,125.0,2839.4,3273.9,냉동
391084,0.0,0.0,0.0,0.0,3911.0,194.6,119.4,63.6,199.9,3333.4,3910.9,냉동
391174,2115.0,0.0,0.0,0.0,0.0,1920.8,22.8,113.8,54.2,3.5,2115.1,냉동
391247,0.0,0.0,0.0,1296.0,0.0,28.2,16.2,0.0,1243.8,7.8,1296.0,실온
391347,0.0,0.0,0.0,618.0,0.0,29.4,14.2,13.6,549.0,11.8,618.0,냉동
391532,0.0,0.0,0.0,8514.0,0.0,571.2,247.8,0.0,7587.9,107.1,8514.0,실온
392026,834.0,0.0,0.0,0.0,0.0,806.0,18.4,1.8,6.5,1.2,833.9,냉동
392031,0.0,0.0,0.0,608.0,0.0,59.2,53.4,51.3,425.1,19.0,608.0,냉동
392443,3226.0,0.0,0.0,0.0,0.0,2981.6,68.5,0.0,113.0,63.0,3226.1,냉장
392479,0.0,0.0,0.0,694.8,0.0,41.2,26.3,34.5,576.6,16.2,694.8,냉동
393478,3440.0,0.0,0.0,0.0,0.0,2277.5,345.0,0.0,540.0,277.5,3440.0,실온
393479,2080.0,0.0,0.0,0.0,0.0,1168.8,262.5,0.0,435.0,213.8,2080.1,실온
393750,1608.0,0.0,0.0,0.0,0.0,1548.2,18.6,0.0,31.8,9.4,1608.0,실온
393835,0.0,0.0,0.0,0.0,1764.0,33.9,46.5,22.0,38.9,1622.8,1764.1,냉동
394379,0.0,0.0,0.0,0.0,7850.0,275.0,195.8,0.0,187.5,7191.7,7850.0,냉장
394662,8328.0,0.0,1200.0,7236.0,0.0,8328.0,682.0,1200.0,6218.8,335.2,16764.0,냉동
394889,0.0,0.0,0.0,0.0,1948.3,86.4,61.6,0.0,35.9,1764.3,1948.2,냉장
395130,0.0,0.0,0.0,576.0,0.0,136.8,46.6,94.8,282.4,15.4,576.0,냉동
396370,12728.0,0.0,0.0,0.0,0.0,12381.6,104.8,0.0,165.7,75.9,12728.0,실온
396581,3510.4,0.0,0.0,0.0,0.0,3366.8,51.9,0.0,76.4,15.3,3510.4,실온
396847,0.0,0.0,0.0,0.0,1166.2,77.9,43.2,0.0,53.6,991.5,1166.2,실온
396967,699.9,0.0,0.0,0.0,1526.5,639.6,23.9,0.0,36.4,1526.5,2226.4,실온
397057,0.0,0.0,0.0,0.0,4006.0,16.1,3.6,8.8,9.0,3968.4,4005.9,냉동
397334,1840.3,0.0,0.0,0.0,0.0,1750.2,15.9,9.0,53.4,11.8,1840.3,냉동
397434,2315.3,0.0,0.0,863.0,0.0,2152.1,111.1,0.0,863.0,52.1,3178.3,냉장
397597,0.0,0.0,0.0,446.0,0.0,120.6,27.8,0.0,294.8,2.8,446.0,실온
397917,0.0,0.0,2492.4,0.0,0.0,117.4,63.2,2188.4,88.1,35.3,2492.4,냉동
398284,0.0,0.0,0.0,0.0,2526.0,146.0,39.6,31.2,60.1,2249.1,2526.0,냉동
398529,0.0,0.0,0.0,1242.0,0.0,14.2,5.5,7.9,1210.6,3.7,1241.9,냉동
398546,0.0,0.0,0.0,0.0,4860.0,170.6,102.0,133.4,169.4,4284.6,4860.0,냉동
398552,0.0,0.0,0.0,0.0,523.0,64.1,27.7,0.0,40.1,391.2,523.1,냉장
398555,0.0,0.0,0.0,0.0,2297.5,245.2,143.5,0.0,320.8,1587.9,2297.4,냉장
398664,0.0,612.0,0.0,0.0,0.0,66.0,288.0,0.0,115.0,143.0,612.0,실온
398888,0.0,0.0,0.0,3281.5,0.0,222.3,0.0,303.0,2756.3,0.0,3281.6,냉동
399177,1719.0,0.0,0.0,0.0,0.0,1607.7,33.9,0.0,56.7,20.7,1719.0,실온
399636,2620.0,0.0,0.0,0.0,0.0,2529.0,46.7,0.0,14.0,30.3,2620.0,실온
399894,6440.0,8080.0,0.0,2020.0,0.0,6182.0,8080.0,0.0,2020.0,258.0,16540.0,실온
401481,0.0,0.0,0.0,9540.0,0.0,323.8,161.0,75.2,8798.0,182.0,9540.0,냉동
401501,1351.0,0.0,0.0,0.0,0.0,805.0,184.1,0.0,204.0,157.8,1350.9,실온
401531,0.0,0.0,0.0,5805.0,0.0,197.8,105.0,38.5,5334.2,129.5,5805.0,냉동
403039,0.0,0.0,0.0,4704.0,0.0,236.1,144.2,0.0,4205.6,118.1,4704.0,냉장
403640,3255.4,0.0,0.0,0.0,0.0,2832.9,107.4,0.0,218.7,96.4,3255.4,실온
403693,0.0,0.0,0.0,808.0,0.0,45.4,32.0,29.9,687.5,13.2,808.0,냉동
403702,3297.2,0.0,0.0,0.0,0.0,2923.5,111.3,0.0,221.7,40.8,3297.3,실온
403705,3132.0,0.0,0.0,0.0,0.0,2660.1,149.9,0.0,254.5,67.4,3131.9,실온
403987,1809.0,1336.0,0.0,0.0,0.0,1609.9,1336.0,0.0,131.4,67.7,3145.0,실온
404503,2138.5,0.0,0.0,0.0,0.0,1908.9,56.7,0.0,120.3,52.7,2138.6,실온
404509,0.0,0.0,0.0,3940.0,0.0,74.7,33.8,0.0,3790.7,40.8,3940.0,냉장
404516,0.0,0.0,0.0,445.0,0.0,78.2,36.2,0.0,289.2,41.4,445.0,냉장
407401,0.0,0.0,0.0,0.0,819.0,92.1,30.7,52.3,41.2,602.8,819.1,냉동
407408,4777.1,0.0,0.0,0.0,0.0,4777.1,0.0,0.0,0.0,0.0,4777.1,냉동
408196,0.0,0.0,0.0,0.0,6281.0,128.7,921.1,0.0,388.7,4842.5,6281.0,냉장
410676,11800.0,0.0,0.0,12920.0,0.0,11206.3,0.0,0.0,12920.0,593.7,24720.0,실온
414143,0.0,3819.9,0.0,0.0,0.0,11.0,3798.6,0.0,3.0,7.3,3819.9,실온
421164,648.0,0.0,0.0,0.0,1380.0,592.3,21.1,0.0,34.7,1380.0,2028.1,실온
421165,968.3,176.0,0.0,0.0,1228.0,968.3,176.0,0.0,20.5,1207.5,2372.3,실온
421410,1325.0,0.0,0.0,0.0,0.0,1168.6,57.7,42.8,44.6,11.4,1325.1,냉동
421532,2520.0,10832.0,0.0,0.0,0.0,2520.0,10707.9,0.0,85.2,38.9,13352.0,실온
424365,1536.0,0.0,648.0,228.0,0.0,1536.0,43.8,571.6,228.0,32.6,2412.0,냉동
424613,1905.0,0.0,0.0,0.0,0.0,1747.4,46.3,9.4,79.6,22.2,1904.9,냉동
425842,304.1,0.0,0.0,0.0,0.0,293.0,7.0,0.0,1.9,2.3,304.2,냉장
426121,1551.6,0.0,0.0,0.0,0.0,1333.0,21.0,75.8,104.6,17.2,1551.6,냉동
426122,2901.0,0.0,0.0,0.0,0.0,2441.7,131.1,78.5,167.3,82.4,2901.0,냉동
426361,12061.5,0.0,0.0,4224.0,0.0,11847.4,1212.8,0.0,2671.8,553.6,16285.6,실온
426511,0.0,0.0,0.0,0.0,358.0,57.3,2.0,0.0,19.0,279.6,357.9,냉장
426647,280.0,0.0,0.0,1272.0,0.0,280.0,34.8,0.0,1215.2,22.0,1552.0,냉장
426648,316.8,0.0,0.0,2708.6,0.0,316.8,51.9,0.0,2629.0,27.7,3025.4,냉장
426663,0.0,0.0,0.0,2892.0,0.0,86.3,74.9,0.0,2689.7,41.1,2892.0,냉장
426670,1077.3,0.0,0.0,0.0,0.0,971.1,25.3,21.3,44.4,15.2,1077.3,냉동
426788,0.0,4700.0,0.0,0.0,0.0,163.3,4275.0,0.0,201.7,60.0,4700.0,실온
426841,0.0,0.0,0.0,0.0,1980.0,22.3,17.7,0.0,25.2,1914.8,1980.0,냉장
426856,0.0,0.0,0.0,0.0,3277.0,63.9,47.7,29.7,62.8,3072.9,3277.0,냉동
426946,2257.6,0.0,0.0,0.0,0.0,2138.8,39.3,39.6,39.9,0.0,2257.6,냉동
427473,5376.0,0.0,2008.0,5952.0,0.0,5376.0,552.8,2008.0,5064.2,335.1,13336.1,냉동
427476,1910.0,0.0,0.0,0.0,0.0,1560.2,111.3,0.0,159.4,79.1,1910.0,냉장
427631,2213.0,0.0,0.0,0.0,0.0,1850.3,96.9,79.7,89.7,96.5,2213.1,냉동
427822,0.0,1420.0,0.0,0.0,0.0,63.3,1171.7,0.0,111.7,73.3,1420.0,실온
427889,2354.0,0.0,0.0,3500.0,0.0,2233.8,80.5,0.0,3500.0,39.7,5854.0,냉장
427912,0.0,13800.0,0.0,0.0,0.0,313.3,13323.3,0.0,121.7,41.7,13800.0,실온
428161,0.0,0.0,0.0,1267.0,0.0,91.0,46.3,0.0,1103.9,25.7,1266.9,실온
428345,0.0,0.0,0.0,0.0,1944.0,103.2,40.8,0.0,144.0,1656.0,1944.0,냉장
428406,0.0,0.0,0.0,0.0,0.0,0.0,0.0,0.0,0.0,0.0,0.0,실온
428501,1805.3,0.0,0.0,0.0,0.0,1271.8,105.0,144.9,236.6,47.0,1805.3,냉동
428541,0.0,0.0,0.0,0.0,2834.0,79.0,58.3,45.0,102.6,2549.1,2834.0,냉동
428545,0.0,0.0,0.0,0.0,3348.0,96.1,71.5,61.4,102.3,3016.8,3348.1,냉동
428596,0.0,0.0,0.0,0.0,1315.2,9.8,14.4,1.8,5.7,1283.5,1315.2,냉동
429312,0.0,0.0,0.0,1822.0,0.0,124.0,65.3,64.7,1542.7,25.3,1822.0,냉동
429396,1956.0,0.0,0.0,0.0,0.0,1856.3,33.0,7.0,33.2,26.5,1956.0,냉동
429524,1575.8,0.0,0.0,0.0,0.0,1359.8,62.3,0.0,112.5,41.1,1575.7,실온
429762,724.5,0.0,0.0,1026.0,0.0,724.5,15.9,21.4,974.2,14.4,1750.4,냉동
430398,0.0,0.0,0.0,928.9,0.0,40.4,20.9,29.8,826.2,11.6,928.9,냉동
430504,0.0,0.0,2404.9,0.0,0.0,16.1,4.2,2373.8,8.0,2.7,2404.8,냉동
430673,3199.5,0.0,0.0,0.0,0.0,3138.6,10.1,0.0,41.4,9.5,3199.6,실온
430849,0.0,0.0,0.0,0.0,1590.0,16.9,14.9,9.0,15.8,1533.4,1590.0,냉동
430850,0.0,1190.0,0.0,0.0,0.0,31.7,1109.9,0.0,36.8,11.6,1190.0,실온
430956,64.8,0.0,0.0,0.0,0.0,12.5,18.1,5.5,11.2,17.6,64.9,냉동
431164,1012.0,0.0,0.0,0.0,0.0,983.9,0.9,20.2,3.7,3.3,1012.0,냉동
431177,10212.0,0.0,0.0,0.0,0.0,9903.2,78.2,83.2,109.2,38.2,10212.0,냉동
431210,1743.0,0.0,0.0,0.0,0.0,1667.3,14.1,38.1,17.3,6.2,1743.0,냉동
431314,0.0,0.0,2690.0,0.0,0.0,309.2,109.2,1990.0,189.2,92.5,2690.1,냉동
431354,279.3,0.0,0.0,0.0,0.0,277.2,0.5,0.0,1.6,0.0,279.3,냉장
431372,0.0,3520.0,0.0,0.0,0.0,494.2,2705.0,0.0,264.2,56.7,3520.1,실온
431376,610.0,0.0,0.0,0.0,0.0,600.7,2.7,0.0,4.7,2.0,610.1,냉장
431396,1644.0,0.0,0.0,0.0,0.0,1231.2,85.2,112.2,130.8,84.6,1644.0,냉동
431406,686.0,0.0,0.0,0.0,0.0,462.4,45.8,8.4,126.0,43.4,686.0,냉동
431472,1510.0,0.0,0.0,0.0,0.0,1450.7,10.3,27.5,13.7,7.8,1510.0,냉동
431476,0.0,0.0,0.0,2100.0,0.0,48.2,53.5,0.0,1932.8,65.5,2100.0,냉장
431715,808.0,0.0,0.0,0.0,0.0,564.9,2.2,1.6,215.3,24.0,808.0,냉동
432134,0.0,0.0,0.0,1060.0,0.0,57.3,18.7,0.0,977.3,6.7,1060.0,냉장
432135,0.0,0.0,0.0,1410.0,0.0,41.3,23.3,0.0,1332.0,13.3,1409.9,냉장
432217,0.0,0.0,0.0,1352.0,0.0,193.3,149.3,42.3,914.7,52.3,1351.9,냉동
432383,0.0,2374.2,0.0,0.0,0.0,41.4,2288.0,0.0,27.4,17.5,2374.3,실온
432416,810.0,0.0,0.0,0.0,0.0,696.0,28.0,58.0,16.0,12.0,810.0,냉동
432430,0.0,0.0,0.0,0.0,0.0,0.0,0.0,0.0,0.0,0.0,0.0,냉동
432614,0.0,2626.0,0.0,0.0,0.0,79.8,2450.4,0.0,67.9,27.9,2626.0,실온
432615,0.0,2084.0,0.0,0.0,0.0,63.0,1948.2,0.0,46.7,26.0,2083.9,실온
432796,0.0,0.0,0.0,1470.0,0.0,220.5,17.5,143.5,1088.5,0.0,1470.0,냉동
432997,1325.0,0.0,0.0,0.0,0.0,1213.3,31.7,0.0,65.4,14.6,1325.0,실온
433381,2570.0,0.0,0.0,1205.0,0.0,2570.0,151.7,0.0,964.2,89.2,3775.1,냉장
433760,478.4,0.0,0.0,0.0,0.0,290.7,47.1,49.0,65.0,26.5,478.3,냉동
433871,951.3,0.0,0.0,0.0,0.0,880.4,8.3,21.2,33.1,8.3,951.3,냉동
433956,0.0,0.0,0.0,3789.0,0.0,65.5,39.8,9.2,3641.8,32.7,3789.0,냉동
434103,2210.0,0.0,0.0,0.0,1286.6,2164.4,13.2,9.5,22.8,1286.6,3496.5,냉동
434109,0.0,0.0,0.0,2623.2,0.0,152.0,145.3,80.9,2174.6,70.3,2623.1,냉동
434114,0.0,0.0,0.0,5170.0,0.0,168.0,189.0,0.0,4713.8,99.2,5170.0,실온
434115,0.0,0.0,0.0,2570.0,0.0,63.0,115.5,0.0,2354.2,37.3,2570.0,실온
434117,0.0,0.0,0.0,7420.0,0.0,241.5,269.5,0.0,6772.5,136.5,7420.0,실온
434307,0.0,0.0,0.0,5193.6,0.0,190.4,80.6,58.2,4805.0,59.4,5193.6,냉동
434465,0.0,0.0,0.0,0.0,312.0,31.0,62.2,0.0,90.3,128.4,311.9,냉장
434547,0.0,0.0,0.0,1736.6,0.0,38.6,67.0,137.2,1441.3,52.4,1736.5,냉동
434601,0.0,456.0,0.0,612.0,0.0,95.4,326.4,0.0,612.0,34.2,1068.0,실온
434663,988.0,1356.0,0.0,0.0,0.0,988.0,1308.0,0.0,29.6,18.4,2344.0,실온
434678,2216.0,0.0,0.0,0.0,0.0,2162.1,18.7,0.0,23.5,11.7,2216.0,실온
434705,1455.3,0.0,0.0,0.0,0.0,1442.5,3.5,0.0,0.1,9.3,1455.4,실온
434814,2397.6,0.0,0.0,0.0,0.0,2270.7,41.2,0.0,45.8,39.9,2397.6,실온
435235,2036.0,0.0,0.0,1046.0,0.0,2036.0,97.9,89.6,790.6,67.9,3082.0,냉동
435321,0.0,0.0,0.0,4923.0,0.0,207.9,308.7,0.0,4148.1,258.3,4923.0,냉동
435348,0.0,0.0,0.0,670.0,0.0,283.3,31.7,101.7,231.7,21.7,670.1,냉동
435354,0.0,0.0,0.0,430.0,0.0,208.8,16.3,0.0,187.3,17.5,429.9,냉장
435356,0.0,0.0,0.0,1223.6,0.0,111.9,10.0,0.0,1092.5,9.2,1223.6,냉장
435503,0.0,0.0,0.0,0.0,3210.0,598.5,206.5,0.0,521.5,1883.5,3210.0,냉장
435505,0.0,0.0,0.0,0.0,3402.0,510.3,174.2,178.2,368.6,2170.8,3402.1,냉동
435513,0.0,0.0,0.0,0.0,2616.0,315.0,148.5,90.0,225.0,1837.5,2616.0,냉동
435516,1455.1,0.0,0.0,0.0,0.0,1003.4,76.8,0.0,314.8,60.1,1455.1,실온
435517,0.0,0.0,0.0,0.0,399.6,34.6,19.4,0.0,42.5,303.1,399.6,냉장
435528,504.0,0.0,0.0,0.0,0.0,467.2,6.0,0.0,27.6,3.2,504.0,실온
435529,0.0,0.0,0.0,0.0,4320.0,464.8,235.2,313.6,506.8,2799.6,4320.0,냉동
435530,0.0,0.0,0.0,0.0,3476.4,390.6,85.7,173.9,289.8,2536.4,3476.4,냉동
435562,7607.9,0.0,0.0,0.0,0.0,7220.6,50.0,98.4,196.1,42.8,7607.9,냉동
435569,0.0,0.0,0.0,0.0,7880.0,545.0,145.0,164.2,440.8,6585.0,7880.0,냉동
435580,7535.1,0.0,0.0,0.0,0.0,4900.0,873.5,242.9,451.6,1067.0,7535.0,냉동
435583,0.0,0.0,0.0,3378.0,0.0,190.0,176.4,27.3,2792.1,192.2,3378.0,냉동
435593,0.0,0.0,0.0,0.0,2671.2,79.4,132.3,62.7,69.6,2327.2,2671.2,냉동
435596,0.0,0.0,0.0,0.0,2592.0,386.4,641.2,215.6,481.6,867.2,2592.0,냉동
435786,0.0,0.0,0.0,2009.0,0.0,219.8,135.3,116.7,1444.2,93.1,2009.1,냉동
435880,0.0,0.0,0.0,1981.6,0.0,41.8,24.2,22.3,1874.7,18.7,1981.7,냉동
436001,0.0,12951.0,0.0,0.0,0.0,150.5,12414.8,0.0,201.2,184.4,12950.9,실온
436007,0.0,5306.0,0.0,0.0,0.0,201.6,4738.1,0.0,220.3,146.1,5306.1,실온
436009,0.0,5754.0,0.0,0.0,0.0,126.9,5356.4,0.0,177.8,92.9,5754.0,실온
436020,690.9,0.0,0.0,0.0,0.0,658.0,12.0,0.0,10.8,10.1,690.9,실온
436021,2244.0,0.0,0.0,0.0,0.0,1938.2,70.8,94.0,94.6,46.4,2244.0,냉동
436027,0.0,0.0,0.0,0.0,28950.0,6157.5,3858.8,4462.5,2883.8,11587.5,28950.1,냉동
436318,418.0,0.0,0.0,0.0,0.0,396.3,7.8,2.7,8.3,2.9,418.0,냉동
436528,2620.0,0.0,0.0,0.0,0.0,2532.0,34.0,0.0,48.0,6.0,2620.0,냉장
436743,0.0,0.0,0.0,0.0,543.0,20.8,21.2,2.6,26.8,471.5,542.9,냉동
436820,1040.0,0.0,0.0,0.0,0.0,1023.7,3.5,0.0,9.0,3.8,1040.0,냉장
437087,0.0,0.0,0.0,3640.0,0.0,572.8,240.3,0.0,2665.8,161.0,3639.9,냉장
437277,692.0,0.0,0.0,0.0,0.0,577.9,34.1,0.0,68.8,11.2,692.0,실온
437282,542.0,0.0,0.0,0.0,0.0,433.5,34.1,0.0,64.3,10.1,542.0,실온
437287,2525.0,0.0,0.0,0.0,1005.0,2441.6,17.2,34.9,31.2,1005.0,3529.9,냉동
437293,0.0,0.0,0.0,1422.0,0.0,286.0,109.0,0.0,994.0,33.0,1422.0,냉장
437297,0.0,0.0,0.0,3330.0,0.0,1496.7,533.3,0.0,1126.7,173.3,3330.0,냉장
437300,0.0,0.0,0.0,3320.0,0.0,563.3,196.7,0.0,2500.0,60.0,3320.0,냉장
437302,0.0,0.0,0.0,588.0,0.0,165.7,61.3,0.0,339.0,22.0,588.0,냉장
437314,0.0,0.0,0.0,6040.0,0.0,2745.5,992.9,0.0,1993.1,308.6,6040.1,냉장
437316,0.0,0.0,0.0,500.0,0.0,90.7,32.5,0.0,366.7,10.2,500.1,냉장
437318,0.0,0.0,0.0,877.5,0.0,227.1,82.9,0.0,541.7,25.8,877.5,냉장
437319,0.0,0.0,0.0,809.0,0.0,281.3,89.7,0.0,411.7,26.3,809.0,냉장
437320,2865.0,0.0,2480.0,0.0,60.0,1860.4,326.1,2480.0,630.6,107.9,5405.0,냉동
437322,480.0,0.0,2265.6,0.0,163.2,777.3,237.4,1386.2,432.3,75.6,2908.8,냉동
437323,812.5,0.0,2937.5,0.0,2575.0,1405.8,525.0,2937.5,829.8,626.9,6325.0,냉동
437324,384.8,0.0,6053.2,0.0,4129.2,2854.2,1165.5,4140.6,1857.9,549.1,10567.3,냉동
437325,0.0,1804.8,0.0,0.0,0.0,381.4,1095.7,0.0,284.2,43.5,1804.8,실온
437354,0.0,5349.3,0.0,0.0,0.0,64.0,5168.6,0.0,72.7,44.0,5349.3,실온
437520,0.0,0.0,0.0,0.0,2145.0,144.3,76.6,97.9,106.4,1719.8,2145.0,냉동
437521,0.0,0.0,0.0,0.0,1088.0,311.5,49.9,440.0,265.0,21.7,1088.1,냉동
437523,0.0,0.0,0.0,0.0,2180.0,560.4,125.3,961.2,457.2,75.9,2180.0,냉동
437524,0.0,0.0,0.0,0.0,3596.4,788.3,221.2,1671.2,795.6,120.2,3596.5,냉동
437525,0.0,0.0,0.0,0.0,1480.0,200.7,59.5,126.0,123.7,970.2,1480.1,냉동
437526,0.0,0.0,0.0,820.0,0.0,130.7,46.7,0.0,628.7,14.0,820.1,냉장
437602,0.0,2686.0,0.0,0.0,0.0,137.1,2456.2,0.0,83.6,9.1,2686.0,실온
437604,0.0,3240.0,0.0,0.0,0.0,185.3,2904.3,0.0,126.3,24.0,3239.9,실온
437606,19625.0,625.0,0.0,0.0,0.0,19353.3,625.0,0.0,231.2,40.4,20249.9,실온
437608,0.0,414.0,0.0,0.0,0.0,9.6,395.6,0.0,7.6,1.2,414.0,실온
437611,0.0,480.0,0.0,0.0,0.0,9.9,461.1,0.0,8.0,1.1,480.1,실온
437674,1940.0,0.0,0.0,0.0,0.0,1871.9,8.1,4.0,47.5,8.4,1939.9,냉동
437897,0.0,36.0,0.0,0.0,0.0,17.6,7.4,0.0,9.4,1.6,36.0,실온
438025,0.0,5700.0,0.0,0.0,0.0,350.5,4881.0,0.0,319.0,149.5,5700.0,실온
438040,0.0,1855.0,0.0,0.0,0.0,56.7,1720.0,0.0,56.7,21.7,1855.1,실온
438196,670.0,0.0,0.0,0.0,0.0,657.0,4.2,0.0,7.7,1.2,670.1,실온
438197,0.0,0.0,0.0,0.0,0.0,0.0,0.0,0.0,0.0,0.0,0.0,실온
438400,0.0,0.0,0.0,0.0,1615.0,69.0,37.0,34.0,49.1,1425.9,1615.0,냉동
438711,0.0,0.0,4950.0,0.0,0.0,160.7,258.0,4204.7,258.7,68.0,4950.1,냉동
438712,0.0,0.0,0.0,2830.0,0.0,423.3,158.0,216.0,1794.7,238.0,2830.0,냉동
438724,0.0,0.0,0.0,595.0,0.0,156.3,0.4,57.5,379.6,1.2,595.0,냉동
438786,0.0,0.0,0.0,0.0,1688.0,79.1,55.8,0.0,76.5,1476.6,1688.0,냉장
438888,3468.0,18.0,1608.0,5040.0,6.0,3468.0,229.4,1608.0,4721.5,113.1,10140.0,냉동
438895,936.0,15.6,873.6,1474.2,0.0,936.0,126.6,697.4,1474.2,65.1,3299.3,냉동
438914,0.0,0.0,0.0,832.0,0.0,245.0,40.6,0.0,529.6,16.8,832.0,냉장
438915,0.0,0.0,0.0,886.0,0.0,239.4,42.0,0.0,582.2,22.4,886.0,냉장
438919,0.0,0.0,0.0,756.0,0.0,214.2,32.9,0.0,491.4,17.5,756.0,냉장
438922,0.0,809.0,0.0,0.0,0.0,14.8,783.7,0.0,8.4,2.1,809.0,실온
438924,980.0,0.0,0.0,0.0,0.0,829.5,33.8,99.2,17.5,0.0,980.0,냉동
438926,0.0,0.0,0.0,5226.0,0.0,460.5,99.0,457.5,4152.0,57.0,5226.0,냉동
438973,0.0,0.0,0.0,3399.0,0.0,725.4,122.4,0.0,2500.8,50.4,3399.0,냉장
438989,0.0,0.0,741.0,0.0,0.0,38.2,7.8,669.1,22.4,3.5,741.0,냉동
439056,0.0,0.0,0.0,3794.0,0.0,48.9,10.2,54.7,3675.7,4.5,3794.0,냉동
439076,0.0,0.0,0.0,2410.0,0.0,413.7,84.0,469.4,1394.6,48.3,2410.0,냉동
439111,1044.0,0.0,516.0,1164.0,0.0,1044.0,37.9,458.5,1164.0,19.6,2724.0,냉동
439469,1688.4,0.0,0.0,0.0,0.0,1642.5,14.1,0.0,23.0,8.8,1688.4,실온
439675,1548.0,0.0,0.0,0.0,0.0,1521.8,4.3,8.4,11.6,1.9,1548.0,냉동
439805,2836.5,0.0,0.0,0.0,0.0,2449.7,132.0,0.0,218.5,36.3,2836.5,실온
439875,80.0,0.0,0.0,0.0,0.0,45.5,11.7,0.0,18.4,4.4,80.0,실온
440015,1208.8,0.0,0.0,0.0,0.0,1015.8,16.0,114.2,51.6,11.2,1208.8,냉동
440145,0.0,0.0,0.0,1150.0,0.0,388.7,152.7,0.0,556.9,51.7,1150.0,냉장
440171,0.0,0.0,0.0,2399.4,0.0,416.3,158.7,267.5,1502.2,54.7,2399.4,냉동
440360,0.0,549.0,0.0,0.0,0.0,64.6,421.6,0.0,47.6,15.2,549.0,실온
440408,5620.0,0.0,0.0,0.0,0.0,4646.2,311.0,0.0,493.6,169.1,5619.9,냉장
440410,1525.0,0.0,0.0,0.0,0.0,1111.6,176.8,0.0,170.6,66.0,1525.0,냉장
440874,0.0,0.0,0.0,0.0,0.0,0.0,0.0,0.0,0.0,0.0,0.0,냉동
440924,0.0,1091.2,0.0,0.0,0.0,31.1,1031.6,0.0,19.1,9.4,1091.2,실온
440945,0.0,0.0,0.0,0.0,2715.3,37.8,27.9,0.0,46.5,2603.0,2715.2,실온
441157,1883.1,0.0,0.0,0.0,0.0,1771.0,33.2,0.0,56.6,22.3,1883.1,냉장
441158,0.0,0.0,0.0,0.0,711.0,136.5,93.4,0.0,146.6,334.4,710.9,실온
441159,0.0,0.0,0.0,0.0,1385.0,42.4,30.9,19.0,43.8,1248.9,1385.0,냉동
441403,13547.9,0.0,0.0,0.0,0.0,12957.8,171.2,0.0,313.2,105.5,13547.7,실온
441404,3309.7,0.0,0.0,0.0,0.0,2975.5,101.8,0.0,183.0,49.3,3309.6,실온
441619,0.0,0.0,0.0,0.0,1905.0,41.1,30.5,24.0,64.1,1745.2,1904.9,냉동
441678,0.0,0.0,0.0,315.0,0.0,68.5,29.5,0.0,200.0,17.0,315.0,냉장
441695,0.0,0.0,0.0,640.0,0.0,131.8,75.2,0.0,408.4,24.5,639.9,냉장
441702,0.0,0.0,0.0,870.0,0.0,177.3,77.0,0.0,593.5,22.2,870.0,냉장
441710,1175.0,0.0,0.0,0.0,0.0,902.6,92.2,107.3,15.8,57.2,1175.1,냉동
441755,1010.0,0.0,0.0,0.0,0.0,888.7,40.8,50.8,5.2,24.5,1010.0,냉동
441851,0.0,0.0,0.0,0.0,525.0,21.5,11.5,11.5,33.5,447.0,525.0,냉동
441852,0.0,0.0,0.0,0.0,1187.5,37.1,18.8,16.2,54.2,1061.2,1187.5,냉동
442105,0.0,0.0,0.0,0.0,0.0,0.0,0.0,0.0,0.0,0.0,0.0,실온
442206,723.0,0.0,0.0,0.0,0.0,192.2,120.1,132.5,224.9,53.3,723.0,냉동
442298,0.0,0.0,0.0,0.0,0.0,0.0,0.0,0.0,0.0,0.0,0.0,냉동
442305,306.7,0.0,0.0,0.0,0.0,282.0,6.2,0.0,14.4,4.1,306.7,실온
442343,0.0,0.0,0.0,7340.0,0.0,129.0,6.7,0.0,7204.3,0.0,7340.0,실온
447865,0.0,0.0,0.0,2319.0,0.0,262.5,151.2,113.4,1769.8,22.0,2318.9,냉동
447970,0.0,0.0,0.0,0.0,2796.0,81.0,250.2,0.0,250.2,2214.6,2796.0,냉장
448056,1260.0,0.0,0.0,0.0,0.0,1233.4,1.4,0.0,22.4,2.8,1260.0,냉동
448108,0.0,0.0,0.0,2252.4,0.0,74.1,39.9,50.2,2067.9,20.3,2252.4,냉동
448131,394.0,0.0,0.0,0.0,0.0,174.7,49.2,52.7,98.5,18.9,394.0,냉동
448274,396.0,0.0,0.0,0.0,0.0,298.4,25.2,46.2,26.2,0.0,396.0,냉동
448276,1120.0,0.0,0.0,0.0,0.0,1091.3,6.5,8.9,9.8,3.5,1120.0,냉동
448296,0.0,0.0,0.0,1740.0,0.0,189.0,98.0,77.0,1369.0,7.0,1740.0,냉동
448390,0.0,3336.0,0.0,0.0,0.0,81.2,3192.6,0.0,41.4,20.8,3336.0,실온
448399,0.0,0.0,0.0,0.0,724.0,22.2,21.3,0.0,13.9,666.5,723.9,실온
448527,0.0,0.0,0.0,0.0,450.7,23.9,6.8,10.2,11.8,398.0,450.7,냉동
449117,0.0,0.0,0.0,0.0,2242.0,63.2,86.4,0.0,98.6,1993.7,2241.9,실온
449126,675.0,0.0,0.0,0.0,0.0,447.5,75.2,0.0,100.6,51.6,674.9,실온
449224,0.0,0.0,0.0,0.0,792.0,39.6,22.4,0.0,33.6,696.4,792.0,실온
449225,0.0,0.0,0.0,0.0,955.0,54.2,30.2,0.0,41.8,828.8,955.0,실온
449392,1068.0,0.0,0.0,0.0,0.0,607.2,136.8,0.0,267.6,56.4,1068.0,실온
449440,0.0,0.0,0.0,0.0,4600.0,1377.8,591.5,0.0,1095.5,1535.2,4600.0,냉장
449508,2069.8,6988.8,0.0,0.0,0.0,2069.8,5328.3,0.0,1406.5,254.0,9058.6,실온
449627,165.0,0.0,0.0,0.0,0.0,144.3,2.9,0.0,17.4,0.4,165.0,실온
449666,0.0,0.0,0.0,0.0,534.0,63.4,59.8,46.9,95.9,268.0,534.0,냉동
449770,3075.0,0.0,0.0,0.0,0.0,2816.0,96.2,0.0,119.0,43.8,3075.0,실온
449884,0.0,0.0,0.0,469.6,0.0,10.7,6.7,0.0,448.6,3.7,469.7,냉장
449987,0.0,0.0,0.0,1147.0,0.0,113.3,76.8,59.6,862.7,34.6,1147.0,냉동
450007,1512.0,0.0,0.0,0.0,0.0,1223.1,122.7,0.0,140.7,25.4,1511.9,냉장
450095,0.0,0.0,0.0,1631.2,0.0,134.0,26.2,132.6,1324.0,14.4,1631.2,냉동
450118,0.0,0.0,0.0,3093.0,0.0,52.5,62.3,14.6,2915.8,47.8,3093.0,냉동
450213,0.0,0.0,0.0,850.5,0.0,235.2,143.3,220.5,236.8,14.7,850.5,냉동
450275,0.0,113.1,0.0,0.0,0.0,39.8,24.3,0.0,38.3,10.7,113.1,실온
450407,0.0,0.0,0.0,1410.0,0.0,78.3,0.0,0.0,1331.7,0.0,1410.0,냉장
450497,0.0,0.0,0.0,1419.5,0.0,25.1,15.8,0.0,1370.5,8.0,1419.4,냉장
450546,787.0,0.0,0.0,0.0,0.0,687.7,20.8,0.0,74.4,4.1,787.0,실온
450615,0.0,1334.0,0.0,0.0,0.0,69.0,1175.0,0.0,65.4,24.6,1334.0,실온
450924,440.0,0.0,0.0,0.0,0.0,407.3,0.0,26.8,5.8,0.0,439.9,냉동
450932,0.0,0.0,0.0,5022.0,0.0,109.2,128.6,49.8,4670.6,63.8,5022.0,냉동
450955,6200.0,0.0,0.0,0.0,0.0,5734.0,87.3,0.0,288.0,90.7,6200.0,실온
450994,0.0,0.0,0.0,1155.0,0.0,46.2,45.2,34.5,1008.2,20.8,1154.9,냉동
452032,0.0,0.0,0.0,0.0,820.0,93.3,36.7,36.7,46.7,606.7,820.1,냉동
452047,2086.0,0.0,0.0,0.0,0.0,2005.5,23.1,0.0,41.3,16.1,2086.0,실온
452329,3012.0,0.0,0.0,0.0,0.0,2495.9,89.1,0.0,421.5,5.5,3012.0,실온
452376,0.0,2770.2,0.0,0.0,0.0,25.7,2718.8,0.0,18.8,6.9,2770.2,실온
452766,556.6,0.0,0.0,0.0,0.0,547.6,2.1,1.2,3.3,2.4,556.6,냉동
452932,0.0,0.0,0.0,0.0,1434.0,35.2,29.1,11.4,27.7,1330.6,1434.0,냉동
453109,0.0,0.0,0.0,11280.0,0.0,704.0,746.0,0.0,9459.0,371.0,11280.0,실온
453110,676.8,0.0,1180.8,714.0,0.0,676.8,145.7,977.1,714.0,58.0,2571.6,냉동
453377,1810.4,0.0,0.0,0.0,0.0,1756.8,2.4,0.0,2.8,48.4,1810.4,실온
453473,534.5,0.0,0.0,0.0,0.0,530.2,0.8,0.0,0.7,2.8,534.5,실온
453481,434.9,0.0,0.0,0.0,0.0,431.8,1.4,0.0,0.3,1.4,434.9,실온
453557,0.0,0.0,0.0,3618.4,0.0,112.4,38.5,64.8,3377.6,25.1,3618.4,냉동
453678,611.0,0.0,0.0,0.0,0.0,598.6,0.5,3.7,2.4,5.8,611.0,냉동
453754,408.5,0.0,0.0,0.0,0.0,249.3,36.8,46.8,55.0,20.6,408.5,냉동
453896,1190.8,0.0,0.0,0.0,0.0,1013.7,80.9,0.0,67.2,29.0,1190.8,실온
453939,0.0,0.0,2514.0,0.0,0.0,160.7,66.7,2135.3,112.5,38.8,2514.0,냉동
454040,1746.0,1053.0,0.0,0.0,2241.0,1746.0,832.0,0.0,221.0,2241.0,5040.0,실온
454042,3162.0,1029.0,0.0,0.0,2283.0,3162.0,815.5,0.0,213.5,2283.0,6474.0,실온
454439,0.0,0.0,0.0,2628.0,0.0,68.8,55.0,0.0,2484.5,19.6,2627.9,실온
454545,930.0,0.0,0.0,0.0,0.0,851.8,0.0,0.0,78.2,0.0,930.0,냉동
454575,420.7,0.0,0.0,513.0,0.0,176.3,239.5,218.1,241.8,58.0,933.7,냉동
454836,1508.0,0.0,0.0,0.0,0.0,1461.6,11.1,11.4,19.1,4.8,1508.0,냉동
454995,0.0,0.0,0.0,3836.0,0.0,67.4,49.5,0.0,3678.8,40.2,3835.9,냉장
455048,0.0,0.0,0.0,0.0,3770.0,98.6,128.3,0.0,119.0,3424.1,3770.0,실온
455072,427.0,0.0,0.0,0.0,0.0,346.4,4.6,0.0,70.2,5.8,427.0,냉장
455116,5121.0,0.0,0.0,0.0,0.0,4287.9,203.2,163.8,321.2,144.9,5121.0,냉동
455118,1057.0,0.0,0.0,0.0,0.0,289.6,197.4,180.9,241.0,148.1,1057.0,냉동
455119,5648.0,0.0,0.0,0.0,0.0,5092.4,102.2,114.1,226.6,112.7,5648.0,냉동
455139,1156.0,0.0,0.0,0.0,0.0,1112.4,12.4,5.6,13.9,11.6,1155.9,냉동
455165,0.0,0.0,0.0,0.0,0.0,0.0,0.0,0.0,0.0,0.0,0.0,냉장
455166,0.0,0.0,0.0,0.0,0.0,0.0,0.0,0.0,0.0,0.0,0.0,냉장
455375,1705.5,0.0,0.0,0.0,0.0,1147.4,240.4,45.7,210.0,62.0,1705.5,냉동
455446,3905.0,0.0,0.0,0.0,0.0,3519.9,115.7,53.4,105.2,110.7,3904.9,냉동
455581,6286.8,0.0,0.0,0.0,681.2,6128.4,52.9,0.0,105.6,681.2,6968.1,실온
455667,4797.0,0.0,0.0,0.0,0.0,3281.8,421.6,0.0,697.7,395.8,4796.9,실온
455668,1131.0,0.0,0.0,0.0,0.0,961.1,65.2,0.0,56.1,48.5,1130.9,실온
455710,0.0,0.0,0.0,1272.0,0.0,69.7,48.7,52.0,1079.3,22.3,1272.0,냉동
455730,0.0,0.0,0.0,0.0,8850.0,313.8,481.8,0.0,480.7,7573.7,8850.0,냉장
455962,1692.0,0.0,0.0,0.0,0.0,1430.0,47.6,63.0,97.3,54.1,1692.0,냉동
456068,624.2,0.0,0.0,0.0,0.0,502.2,43.9,35.3,30.0,12.8,624.2,냉동
456085,0.0,0.0,451.4,0.0,0.0,136.2,23.0,190.4,99.8,2.0,451.4,냉동
456113,1445.4,0.0,0.0,0.0,0.0,1389.6,14.0,12.2,24.3,5.4,1445.5,냉동
456402,0.0,8586.0,0.0,0.0,0.0,69.6,8477.2,0.0,26.2,13.0,8586.0,실온
456764,0.0,0.0,0.0,1586.0,0.0,112.8,84.2,17.0,1340.6,31.4,1586.0,냉동
456781,0.0,0.0,0.0,1452.6,0.0,74.1,39.8,28.2,1293.0,17.6,1452.7,냉동
456845,599.2,0.0,0.0,0.0,0.0,589.6,2.9,0.0,5.0,1.7,599.2,실온
456996,0.0,0.0,0.0,2872.3,0.0,21.4,54.4,59.3,2706.9,30.2,2872.2,냉동
457003,194.0,0.0,0.0,0.0,1582.0,194.0,46.7,0.0,72.1,1463.2,1776.0,냉장
457235,0.0,0.0,0.0,0.0,1141.0,90.3,107.6,1.2,75.2,866.6,1140.9,냉동
457259,0.0,0.0,0.0,0.0,5450.0,150.7,58.0,108.0,116.7,5016.7,5450.1,냉동
457576,816.0,0.0,0.0,884.5,0.0,816.0,16.2,20.0,840.4,7.9,1700.5,냉동
457579,6012.8,0.0,0.0,0.0,0.0,5717.3,82.0,59.2,89.4,64.9,6012.8,냉동
457800,1280.0,0.0,0.0,0.0,0.0,1166.6,20.5,0.0,89.8,3.0,1279.9,냉장
458023,0.0,0.0,0.0,0.0,1367.6,45.2,14.6,0.0,0.0,1307.7,1367.5,냉동
458176,0.0,0.0,0.0,0.0,3121.0,9.9,3.0,5.7,4.0,3098.4,3121.0,냉동
458228,5406.0,0.0,0.0,0.0,0.0,4865.2,113.6,185.6,199.3,42.2,5405.9,냉동
458239,0.0,0.0,0.0,0.0,4320.0,878.8,313.8,671.2,680.0,1776.2,4320.0,냉동
458258,4280.0,2724.0,0.0,2944.0,0.0,4280.0,2631.0,0.0,2944.0,93.0,9948.0,실온
458293,946.0,0.0,0.0,0.0,0.0,591.3,82.7,84.5,144.8,42.7,946.0,냉동
458331,440.0,2900.0,0.0,0.0,0.0,440.0,2774.7,0.0,74.7,50.7,3340.1,실온
458382,0.0,0.0,0.0,1042.0,0.0,113.6,118.3,0.0,753.2,56.8,1041.9,냉장
458514,400.7,0.0,786.2,740.9,0.0,368.9,21.2,786.2,740.9,10.6,1927.8,냉동
458598,3010.0,0.0,0.0,0.0,0.0,2788.8,61.4,62.1,73.2,24.6,3010.1,냉동
458652,0.0,0.0,1850.0,0.0,0.0,151.8,80.7,1462.0,112.8,42.7,1850.0,냉동
458653,0.0,0.0,5692.0,0.0,0.0,806.2,440.5,3582.5,636.5,226.2,5691.9,냉동
458697,0.0,0.0,0.0,1810.0,0.0,159.1,73.7,122.0,1429.1,26.1,1810.0,냉동
458702,385.0,0.0,0.0,0.0,0.0,364.2,6.2,0.8,6.9,6.9,385.0,냉동
459056,1320.5,0.0,0.0,0.0,0.0,1267.0,28.7,3.0,13.7,8.1,1320.5,냉동
459234,599.8,483.1,0.0,0.0,867.2,599.8,433.9,0.0,49.2,867.2,1950.1,실온
459236,2555.5,775.6,0.0,0.0,370.2,2555.5,775.6,0.0,72.5,297.7,3701.3,실온
459238,1605.2,753.7,0.0,0.0,456.1,1585.0,753.7,0.0,20.1,456.1,2814.9,실온
459371,0.0,0.0,0.0,7608.0,0.0,313.2,71.8,144.8,7046.0,32.1,7607.9,냉동
459475,0.0,0.0,0.0,0.0,0.0,0.0,0.0,0.0,0.0,0.0,0.0,냉장
459519,4852.2,0.0,0.0,0.0,346.4,4852.2,21.3,0.0,29.1,296.1,5198.7,실온
459520,2074.7,0.0,0.0,0.0,863.8,2021.2,26.9,0.0,26.6,863.8,2938.5,실온
459522,1778.4,0.0,0.0,0.0,2625.7,1741.2,20.0,0.0,17.2,2625.7,4404.1,실온
459527,437.0,0.0,0.0,0.0,0.0,437.0,0.0,0.0,0.0,0.0,437.0,냉동
459818,0.0,5640.0,0.0,0.0,0.0,175.3,5248.0,0.0,216.7,0.0,5640.0,실온
459868,0.0,2224.0,0.0,0.0,0.0,69.9,2098.7,0.0,54.1,1.3,2224.0,실온
459913,0.0,0.0,0.0,0.0,2608.0,10.7,3.3,6.6,6.3,2581.0,2607.9,냉동
459918,0.0,0.0,0.0,0.0,2760.0,140.0,130.0,273.3,283.3,1933.3,2759.9,냉동
459980,1058.0,0.0,0.0,0.0,0.0,999.2,23.8,0.0,18.5,16.5,1058.0,냉장
460000,0.0,0.0,0.0,0.0,0.0,0.0,0.0,0.0,0.0,0.0,0.0,냉동
460001,0.0,0.0,0.0,1132.7,0.0,119.6,24.1,14.5,971.7,2.9,1132.8,냉동
460147,640.2,44.9,0.0,38.3,0.0,631.4,44.9,0.0,38.3,8.8,723.4,실온
460323,4160.0,4340.0,0.0,0.0,0.0,4003.3,4340.0,0.0,104.0,52.7,8500.0,실온
460762,839.3,0.0,0.0,0.0,0.0,773.6,9.3,27.7,19.8,9.0,839.4,냉동
460847,2215.8,0.0,0.0,0.0,0.0,1958.8,89.9,9.9,119.4,37.9,2215.9,냉동
460990,414.0,0.0,0.0,0.0,0.0,294.8,16.3,6.3,81.4,15.2,414.0,냉동
461016,995.0,0.0,0.0,0.0,0.0,894.7,14.0,6.4,72.3,7.6,995.0,냉동
461078,0.0,0.0,0.0,0.0,0.0,0.0,0.0,0.0,0.0,0.0,0.0,실온
461110,680.0,0.0,0.0,0.0,0.0,628.7,2.3,5.8,29.2,14.0,680.0,냉동
461145,1500.0,0.0,0.0,0.0,0.0,1225.5,99.5,0.0,99.0,76.0,1500.0,냉장
461148,0.0,0.0,0.0,0.0,1111.0,391.3,217.0,0.0,301.4,201.2,1110.9,냉장
461284,0.0,0.0,464.0,0.0,0.0,9.0,0.0,452.5,1.5,1.0,464.0,냉동
461689,500.5,0.0,0.0,0.0,0.0,493.2,0.0,0.0,6.1,1.1,500.4,냉장
461887,0.0,0.0,0.0,600.0,0.0,61.8,1.2,0.0,533.5,3.5,600.0,냉장
461984,0.0,0.0,0.0,0.0,970.0,86.3,10.5,0.0,87.5,785.7,970.0,냉장
461989,0.0,0.0,0.0,0.0,880.0,75.8,17.5,0.0,80.5,706.2,880.0,냉장
461990,0.0,0.0,0.0,0.0,292.5,62.2,4.6,0.0,69.0,156.8,292.6,냉장
462029,0.0,0.0,0.0,2193.6,0.0,238.6,99.0,23.1,1741.6,91.2,2193.5,냉동
462710,0.0,0.0,0.0,0.0,0.0,0.0,0.0,0.0,0.0,0.0,0.0,냉동
463112,4900.9,0.0,0.0,5904.3,0.0,4900.9,14.6,10.2,5873.7,5.8,10805.2,냉동
463258,2636.2,0.0,0.0,0.0,0.0,1817.8,463.2,0.0,280.7,74.6,2636.3,냉동
463792,5410.0,0.0,0.0,0.0,0.0,5400.2,3.5,0.0,5.2,1.2,5410.1,실온
463887,0.0,0.0,0.0,0.0,3580.0,63.0,4.7,0.0,84.0,3428.3,3580.0,실온
501183,0.0,2790.0,0.0,0.0,0.0,58.8,2684.4,0.0,31.8,15.0,2790.0,실온
501186,0.0,538.2,0.0,0.0,0.0,27.0,501.5,0.0,6.5,3.1,538.1,실온
502808,0.0,3502.0,0.0,0.0,0.0,18.1,3461.8,0.0,13.0,9.1,3502.0,실온
504655,2900.0,1280.0,0.0,0.0,400.0,2900.0,1225.3,0.0,54.7,400.0,4580.0,실온
509708,385.0,0.0,0.0,0.0,0.0,361.8,8.3,0.0,10.8,4.0,384.9,실온
512178,52.8,695.2,0.0,0.0,528.0,52.8,669.0,0.0,26.2,528.0,1276.0,실온
512237,149.6,61.6,0.0,0.0,0.0,149.6,52.1,0.0,6.6,2.9,211.2,실온
513729,0.0,5292.0,0.0,0.0,0.0,79.6,5158.1,0.0,24.9,29.4,5292.0,실온
522843,0.0,0.0,0.0,0.0,1657.9,17.6,16.5,0.0,16.4,1607.4,1657.9,실온
701179,1800.0,0.0,0.0,0.0,0.0,613.7,203.5,256.4,213.5,512.8,1799.9,냉동
701181,640.0,0.0,0.0,0.0,0.0,145.2,97.0,142.1,150.4,105.3,640.0,냉동
701183,2385.0,0.0,0.0,0.0,0.0,1511.8,141.8,248.5,309.8,173.2,2385.1,냉동
701185,1335.0,0.0,0.0,0.0,0.0,498.5,105.0,218.8,374.5,138.2,1335.0,냉동
701195,1520.0,0.0,0.0,0.0,0.0,1241.8,98.0,8.8,71.8,99.8,1520.2,냉동
701197,1420.0,0.0,0.0,0.0,0.0,980.8,84.0,171.5,77.0,106.8,1420.1,냉동
701199,2230.0,0.0,0.0,0.0,0.0,1558.0,92.8,182.0,196.0,201.2,2230.0,냉동
701203,1820.0,0.0,0.0,0.0,0.0,570.5,210.0,465.5,285.2,288.8,1820.0,냉동
701205,2080.0,0.0,0.0,0.0,0.0,1343.2,61.2,241.5,339.5,94.5,2079.9,냉동
701207,3270.0,0.0,0.0,0.0,0.0,2435.2,84.0,372.8,318.5,59.5,3270.0,냉동
701209,1110.0,0.0,0.0,0.0,0.0,889.5,101.5,54.2,57.8,7.0,1110.0,냉동
701218,858.4,0.0,0.0,0.0,0.0,738.3,39.5,0.0,46.2,34.4,858.4,냉장
701228,976.0,0.0,0.0,0.0,0.0,515.0,125.0,131.2,140.4,64.4,976.0,냉동
701280,1106.0,0.0,0.0,0.0,0.0,665.4,197.8,77.7,42.0,123.2,1106.1,냉동
701296,397.0,0.0,0.0,0.0,0.0,214.6,44.1,0.0,85.0,53.2,396.9,냉장
701338,211.0,0.0,0.0,0.0,0.0,62.3,37.0,30.9,53.5,27.3,211.0,냉동
701340,629.0,0.0,0.0,0.0,0.0,195.6,124.2,48.8,136.0,124.4,629.0,냉동
701346,2980.0,0.0,0.0,0.0,0.0,1986.0,241.5,192.5,379.8,180.2,2980.0,냉동
701347,405.0,0.0,0.0,0.0,0.0,159.4,61.8,67.4,54.7,61.8,405.1,냉동
701348,150.0,0.0,0.0,0.0,0.0,55.6,21.8,15.4,22.9,34.2,149.9,냉동
701488,60.0,0.0,0.0,0.0,0.0,17.0,11.8,10.2,13.2,7.8,60.0,냉동
701492,0.0,0.0,0.0,0.0,0.0,0.0,0.0,0.0,0.0,0.0,0.0,냉동
701640,446.0,0.0,0.0,0.0,0.0,446.0,0.0,0.0,0.0,0.0,446.0,냉동
701752,1515.0,0.0,0.0,0.0,0.0,1147.5,17.5,29.8,308.0,12.2,1515.0,냉동
